--
-- PostgreSQL database dump
--

\restrict sYnfMzmei6oxOK9WPZnx7Dv0IC69yXVmM1qIoGhhP2NljrQRVuq30KqTmre5IGz

-- Dumped from database version 15.8
-- Dumped by pg_dump version 17.6

SET statement_timeout = 0;
SET lock_timeout = 0;
SET idle_in_transaction_session_timeout = 0;
SET transaction_timeout = 0;
SET client_encoding = 'UTF8';
SET standard_conforming_strings = on;
SELECT pg_catalog.set_config('search_path', '', false);
SET check_function_bodies = false;
SET xmloption = content;
SET client_min_messages = warning;
SET row_security = off;

SET default_tablespace = '';

SET default_table_access_method = heap;

--
-- Name: auth_group; Type: TABLE; Schema: public; Owner: postgres
--

CREATE TABLE public.auth_group (
    id integer NOT NULL,
    name character varying(150) NOT NULL
);


ALTER TABLE public.auth_group OWNER TO postgres;

--
-- Name: auth_group_id_seq; Type: SEQUENCE; Schema: public; Owner: postgres
--

ALTER TABLE public.auth_group ALTER COLUMN id ADD GENERATED BY DEFAULT AS IDENTITY (
    SEQUENCE NAME public.auth_group_id_seq
    START WITH 1
    INCREMENT BY 1
    NO MINVALUE
    NO MAXVALUE
    CACHE 1
);


--
-- Name: auth_group_permissions; Type: TABLE; Schema: public; Owner: postgres
--

CREATE TABLE public.auth_group_permissions (
    id bigint NOT NULL,
    group_id integer NOT NULL,
    permission_id integer NOT NULL
);


ALTER TABLE public.auth_group_permissions OWNER TO postgres;

--
-- Name: auth_group_permissions_id_seq; Type: SEQUENCE; Schema: public; Owner: postgres
--

ALTER TABLE public.auth_group_permissions ALTER COLUMN id ADD GENERATED BY DEFAULT AS IDENTITY (
    SEQUENCE NAME public.auth_group_permissions_id_seq
    START WITH 1
    INCREMENT BY 1
    NO MINVALUE
    NO MAXVALUE
    CACHE 1
);


--
-- Name: auth_permission; Type: TABLE; Schema: public; Owner: postgres
--

CREATE TABLE public.auth_permission (
    id integer NOT NULL,
    name character varying(255) NOT NULL,
    content_type_id integer NOT NULL,
    codename character varying(100) NOT NULL
);


ALTER TABLE public.auth_permission OWNER TO postgres;

--
-- Name: auth_permission_id_seq; Type: SEQUENCE; Schema: public; Owner: postgres
--

ALTER TABLE public.auth_permission ALTER COLUMN id ADD GENERATED BY DEFAULT AS IDENTITY (
    SEQUENCE NAME public.auth_permission_id_seq
    START WITH 1
    INCREMENT BY 1
    NO MINVALUE
    NO MAXVALUE
    CACHE 1
);


--
-- Name: auth_user; Type: TABLE; Schema: public; Owner: postgres
--

CREATE TABLE public.auth_user (
    id integer NOT NULL,
    password character varying(128) NOT NULL,
    last_login timestamp with time zone,
    is_superuser boolean NOT NULL,
    username character varying(150) NOT NULL,
    first_name character varying(150) NOT NULL,
    last_name character varying(150) NOT NULL,
    email character varying(254) NOT NULL,
    is_staff boolean NOT NULL,
    is_active boolean NOT NULL,
    date_joined timestamp with time zone NOT NULL
);


ALTER TABLE public.auth_user OWNER TO postgres;

--
-- Name: auth_user_groups; Type: TABLE; Schema: public; Owner: postgres
--

CREATE TABLE public.auth_user_groups (
    id bigint NOT NULL,
    user_id integer NOT NULL,
    group_id integer NOT NULL
);


ALTER TABLE public.auth_user_groups OWNER TO postgres;

--
-- Name: auth_user_groups_id_seq; Type: SEQUENCE; Schema: public; Owner: postgres
--

ALTER TABLE public.auth_user_groups ALTER COLUMN id ADD GENERATED BY DEFAULT AS IDENTITY (
    SEQUENCE NAME public.auth_user_groups_id_seq
    START WITH 1
    INCREMENT BY 1
    NO MINVALUE
    NO MAXVALUE
    CACHE 1
);


--
-- Name: auth_user_id_seq; Type: SEQUENCE; Schema: public; Owner: postgres
--

ALTER TABLE public.auth_user ALTER COLUMN id ADD GENERATED BY DEFAULT AS IDENTITY (
    SEQUENCE NAME public.auth_user_id_seq
    START WITH 1
    INCREMENT BY 1
    NO MINVALUE
    NO MAXVALUE
    CACHE 1
);


--
-- Name: auth_user_user_permissions; Type: TABLE; Schema: public; Owner: postgres
--

CREATE TABLE public.auth_user_user_permissions (
    id bigint NOT NULL,
    user_id integer NOT NULL,
    permission_id integer NOT NULL
);


ALTER TABLE public.auth_user_user_permissions OWNER TO postgres;

--
-- Name: auth_user_user_permissions_id_seq; Type: SEQUENCE; Schema: public; Owner: postgres
--

ALTER TABLE public.auth_user_user_permissions ALTER COLUMN id ADD GENERATED BY DEFAULT AS IDENTITY (
    SEQUENCE NAME public.auth_user_user_permissions_id_seq
    START WITH 1
    INCREMENT BY 1
    NO MINVALUE
    NO MAXVALUE
    CACHE 1
);


--
-- Name: django_admin_log; Type: TABLE; Schema: public; Owner: postgres
--

CREATE TABLE public.django_admin_log (
    id integer NOT NULL,
    action_time timestamp with time zone NOT NULL,
    object_id text,
    object_repr character varying(200) NOT NULL,
    action_flag smallint NOT NULL,
    change_message text NOT NULL,
    content_type_id integer,
    user_id integer NOT NULL,
    CONSTRAINT django_admin_log_action_flag_check CHECK ((action_flag >= 0))
);


ALTER TABLE public.django_admin_log OWNER TO postgres;

--
-- Name: django_admin_log_id_seq; Type: SEQUENCE; Schema: public; Owner: postgres
--

ALTER TABLE public.django_admin_log ALTER COLUMN id ADD GENERATED BY DEFAULT AS IDENTITY (
    SEQUENCE NAME public.django_admin_log_id_seq
    START WITH 1
    INCREMENT BY 1
    NO MINVALUE
    NO MAXVALUE
    CACHE 1
);


--
-- Name: django_content_type; Type: TABLE; Schema: public; Owner: postgres
--

CREATE TABLE public.django_content_type (
    id integer NOT NULL,
    app_label character varying(100) NOT NULL,
    model character varying(100) NOT NULL
);


ALTER TABLE public.django_content_type OWNER TO postgres;

--
-- Name: django_content_type_id_seq; Type: SEQUENCE; Schema: public; Owner: postgres
--

ALTER TABLE public.django_content_type ALTER COLUMN id ADD GENERATED BY DEFAULT AS IDENTITY (
    SEQUENCE NAME public.django_content_type_id_seq
    START WITH 1
    INCREMENT BY 1
    NO MINVALUE
    NO MAXVALUE
    CACHE 1
);


--
-- Name: django_migrations; Type: TABLE; Schema: public; Owner: postgres
--

CREATE TABLE public.django_migrations (
    id bigint NOT NULL,
    app character varying(255) NOT NULL,
    name character varying(255) NOT NULL,
    applied timestamp with time zone NOT NULL
);


ALTER TABLE public.django_migrations OWNER TO postgres;

--
-- Name: django_migrations_id_seq; Type: SEQUENCE; Schema: public; Owner: postgres
--

ALTER TABLE public.django_migrations ALTER COLUMN id ADD GENERATED BY DEFAULT AS IDENTITY (
    SEQUENCE NAME public.django_migrations_id_seq
    START WITH 1
    INCREMENT BY 1
    NO MINVALUE
    NO MAXVALUE
    CACHE 1
);


--
-- Name: django_session; Type: TABLE; Schema: public; Owner: postgres
--

CREATE TABLE public.django_session (
    session_key character varying(40) NOT NULL,
    session_data text NOT NULL,
    expire_date timestamp with time zone NOT NULL
);


ALTER TABLE public.django_session OWNER TO postgres;

--
-- Name: productos_categoria; Type: TABLE; Schema: public; Owner: postgres
--

CREATE TABLE public.productos_categoria (
    id bigint NOT NULL,
    nombre character varying(100) NOT NULL,
    descripcion text NOT NULL,
    creado timestamp with time zone NOT NULL
);


ALTER TABLE public.productos_categoria OWNER TO postgres;

--
-- Name: productos_categoria_id_seq; Type: SEQUENCE; Schema: public; Owner: postgres
--

ALTER TABLE public.productos_categoria ALTER COLUMN id ADD GENERATED BY DEFAULT AS IDENTITY (
    SEQUENCE NAME public.productos_categoria_id_seq
    START WITH 1
    INCREMENT BY 1
    NO MINVALUE
    NO MAXVALUE
    CACHE 1
);


--
-- Name: productos_producto; Type: TABLE; Schema: public; Owner: postgres
--

CREATE TABLE public.productos_producto (
    id bigint NOT NULL,
    nombre character varying(150) NOT NULL,
    descripcion text NOT NULL,
    precio numeric(10,2) NOT NULL,
    stock integer NOT NULL,
    destacado boolean NOT NULL,
    imagen character varying(100),
    creado timestamp with time zone NOT NULL,
    actualizado timestamp with time zone NOT NULL,
    categoria_id bigint NOT NULL,
    CONSTRAINT productos_producto_stock_check CHECK ((stock >= 0))
);


ALTER TABLE public.productos_producto OWNER TO postgres;

--
-- Name: productos_producto_id_seq; Type: SEQUENCE; Schema: public; Owner: postgres
--

ALTER TABLE public.productos_producto ALTER COLUMN id ADD GENERATED BY DEFAULT AS IDENTITY (
    SEQUENCE NAME public.productos_producto_id_seq
    START WITH 1
    INCREMENT BY 1
    NO MINVALUE
    NO MAXVALUE
    CACHE 1
);


--
-- Data for Name: auth_group; Type: TABLE DATA; Schema: public; Owner: postgres
--

COPY public.auth_group (id, name) FROM stdin;
\.


--
-- Data for Name: auth_group_permissions; Type: TABLE DATA; Schema: public; Owner: postgres
--

COPY public.auth_group_permissions (id, group_id, permission_id) FROM stdin;
\.


--
-- Data for Name: auth_permission; Type: TABLE DATA; Schema: public; Owner: postgres
--

COPY public.auth_permission (id, name, content_type_id, codename) FROM stdin;
1	Can add log entry	1	add_logentry
2	Can change log entry	1	change_logentry
3	Can delete log entry	1	delete_logentry
4	Can view log entry	1	view_logentry
5	Can add permission	2	add_permission
6	Can change permission	2	change_permission
7	Can delete permission	2	delete_permission
8	Can view permission	2	view_permission
9	Can add group	3	add_group
10	Can change group	3	change_group
11	Can delete group	3	delete_group
12	Can view group	3	view_group
13	Can add user	4	add_user
14	Can change user	4	change_user
15	Can delete user	4	delete_user
16	Can view user	4	view_user
17	Can add content type	5	add_contenttype
18	Can change content type	5	change_contenttype
19	Can delete content type	5	delete_contenttype
20	Can view content type	5	view_contenttype
21	Can add session	6	add_session
22	Can change session	6	change_session
23	Can delete session	6	delete_session
24	Can view session	6	view_session
25	Can add categoria	7	add_categoria
26	Can change categoria	7	change_categoria
27	Can delete categoria	7	delete_categoria
28	Can view categoria	7	view_categoria
29	Can add producto	8	add_producto
30	Can change producto	8	change_producto
31	Can delete producto	8	delete_producto
32	Can view producto	8	view_producto
\.


--
-- Data for Name: auth_user; Type: TABLE DATA; Schema: public; Owner: postgres
--

COPY public.auth_user (id, password, last_login, is_superuser, username, first_name, last_name, email, is_staff, is_active, date_joined) FROM stdin;
1	pbkdf2_sha256$1000000$GO7HLsm7U7fDGaoSnZ3XJU$7U/bQ+2EbyB1IqSfCCeIflnzlc0NIIpHG7m4+FEOVyU=	2025-10-15 19:31:09.619763-03	t	usuario			aplicacionesgonza@gmail.com	t	t	2025-10-15 19:00:07.582813-03
2	pbkdf2_sha256$1000000$EnSxlfekoZ1R3UCDEDQtGm$7Zxbd/vZ7S3/DdMfWSoTIlNFjInKXsWE9B2nJTOYyaI=	\N	t	gonza	Gonzalo	Mar	aplicacionesgonza@gmail.com	f	t	2025-10-17 18:21:04-03
\.


--
-- Data for Name: auth_user_groups; Type: TABLE DATA; Schema: public; Owner: postgres
--

COPY public.auth_user_groups (id, user_id, group_id) FROM stdin;
\.


--
-- Data for Name: auth_user_user_permissions; Type: TABLE DATA; Schema: public; Owner: postgres
--

COPY public.auth_user_user_permissions (id, user_id, permission_id) FROM stdin;
\.


--
-- Data for Name: django_admin_log; Type: TABLE DATA; Schema: public; Owner: postgres
--

COPY public.django_admin_log (id, action_time, object_id, object_repr, action_flag, change_message, content_type_id, user_id) FROM stdin;
1	2025-10-17 18:21:05.16961-03	2	gonza	1	[{"added": {}}]	4	1
2	2025-10-17 18:22:34.569413-03	2	gonza	2	[{"changed": {"fields": ["First name", "Last name", "Email address", "Superuser status"]}}]	4	1
\.


--
-- Data for Name: django_content_type; Type: TABLE DATA; Schema: public; Owner: postgres
--

COPY public.django_content_type (id, app_label, model) FROM stdin;
1	admin	logentry
2	auth	permission
3	auth	group
4	auth	user
5	contenttypes	contenttype
6	sessions	session
7	productos	categoria
8	productos	producto
\.


--
-- Data for Name: django_migrations; Type: TABLE DATA; Schema: public; Owner: postgres
--

COPY public.django_migrations (id, app, name, applied) FROM stdin;
1	contenttypes	0001_initial	2025-10-15 18:57:33.226014-03
2	auth	0001_initial	2025-10-15 18:57:33.359682-03
3	admin	0001_initial	2025-10-15 18:57:33.392045-03
4	admin	0002_logentry_remove_auto_add	2025-10-15 18:57:33.400766-03
5	admin	0003_logentry_add_action_flag_choices	2025-10-15 18:57:33.410961-03
6	contenttypes	0002_remove_content_type_name	2025-10-15 18:57:33.431254-03
7	auth	0002_alter_permission_name_max_length	2025-10-15 18:57:33.440643-03
8	auth	0003_alter_user_email_max_length	2025-10-15 18:57:33.448132-03
9	auth	0004_alter_user_username_opts	2025-10-15 18:57:33.456653-03
10	auth	0005_alter_user_last_login_null	2025-10-15 18:57:33.464842-03
11	auth	0006_require_contenttypes_0002	2025-10-15 18:57:33.465818-03
12	auth	0007_alter_validators_add_error_messages	2025-10-15 18:57:33.474103-03
13	auth	0008_alter_user_username_max_length	2025-10-15 18:57:33.491733-03
14	auth	0009_alter_user_last_name_max_length	2025-10-15 18:57:33.499479-03
15	auth	0010_alter_group_name_max_length	2025-10-15 18:57:33.509252-03
16	auth	0011_update_proxy_permissions	2025-10-15 18:57:33.515438-03
17	auth	0012_alter_user_first_name_max_length	2025-10-15 18:57:33.524608-03
18	sessions	0001_initial	2025-10-15 18:57:33.545233-03
19	productos	0001_initial	2025-10-16 19:09:55.337087-03
\.


--
-- Data for Name: django_session; Type: TABLE DATA; Schema: public; Owner: postgres
--

COPY public.django_session (session_key, session_data, expire_date) FROM stdin;
\.


--
-- Data for Name: productos_categoria; Type: TABLE DATA; Schema: public; Owner: postgres
--

COPY public.productos_categoria (id, nombre, descripcion, creado) FROM stdin;
1	Cotillón	Productos de cotillón.	2025-10-17 18:06:56.169871-03
4	Decoración	Productos de decoración.	2025-10-17 18:06:56.170886-03
3	Fibrofacil	Productos de fibrofacil.	2025-10-17 18:06:56.170886-03
2	Navidad	Productos de navidad.	2025-10-17 18:06:56.170886-03
5	Souvenir	Productos de souvenir.	2025-10-17 18:06:56.170886-03
\.


--
-- Data for Name: productos_producto; Type: TABLE DATA; Schema: public; Owner: postgres
--

COPY public.productos_producto (id, nombre, descripcion, precio, stock, destacado, imagen, creado, actualizado, categoria_id) FROM stdin;
59	Catalogo Diego 1-1	CATALOGO 11-7638-8769 @yoquetdesigns yoquetdesigns	0.00	0	f	productos/souvenir/catalogo-diego-1-1.webp	2025-10-18 20:38:41.371972-03	2025-10-18 20:38:41.371972-03	5
60	Catalogo Diego 1-8	CATALOGO 11-7638-8769 @yoquetdesigns yoquetdesigns	0.00	0	f	productos/souvenir/catalogo-diego-1-8.webp	2025-10-18 20:38:41.464119-03	2025-10-18 20:38:41.464119-03	5
61	Catalogo Diego 1-9	CATALOGO 11-7638-8769 @yoquetdesigns yoquetdesigns	0.00	0	f	productos/souvenir/catalogo-diego-1-9.webp	2025-10-18 20:38:41.512614-03	2025-10-18 20:38:41.512614-03	5
62	Catalogo Diego 2-1	T o p p e r C a k e 1	0.00	0	f	productos/souvenir/catalogo-diego-2-1.webp	2025-10-18 20:38:41.572948-03	2025-10-18 20:38:41.572948-03	5
63	Catalogo Diego 2-2	T o p p e r C a k e 1	0.00	0	f	productos/souvenir/catalogo-diego-2-2.webp	2025-10-18 20:38:41.624613-03	2025-10-18 20:38:41.624613-03	5
64	Catalogo Diego 2-3	T o p p e r C a k e 1	0.00	0	f	productos/souvenir/catalogo-diego-2-3.webp	2025-10-18 20:38:41.683007-03	2025-10-18 20:38:41.683007-03	5
65	Catalogo Diego 2-4	T o p p e r C a k e 1	0.00	0	f	productos/souvenir/catalogo-diego-2-4.webp	2025-10-18 20:38:41.728067-03	2025-10-18 20:38:41.728067-03	5
66	Catalogo Diego 2-5	T o p p e r C a k e 1	0.00	0	f	productos/souvenir/catalogo-diego-2-5.webp	2025-10-18 20:38:41.775709-03	2025-10-18 20:38:41.775709-03	5
67	Catalogo Diego 2-6	T o p p e r C a k e 1	0.00	0	f	productos/souvenir/catalogo-diego-2-6.webp	2025-10-18 20:38:41.818716-03	2025-10-18 20:38:41.818716-03	5
68	Catalogo Diego 2-7	T o p p e r C a k e 1	0.00	0	f	productos/souvenir/catalogo-diego-2-7.webp	2025-10-18 20:38:41.867177-03	2025-10-18 20:38:41.867177-03	5
69	Catalogo Diego 2-8	T o p p e r C a k e 1	0.00	0	f	productos/souvenir/catalogo-diego-2-8.webp	2025-10-18 20:38:41.91106-03	2025-10-18 20:38:41.91106-03	5
70	Catalogo Diego 2-9	T o p p e r C a k e 1	0.00	0	f	productos/souvenir/catalogo-diego-2-9.webp	2025-10-18 20:38:41.963645-03	2025-10-18 20:38:41.963645-03	5
71	Catalogo Diego 2-10	T o p p e r C a k e 1	0.00	0	f	productos/souvenir/catalogo-diego-2-10.webp	2025-10-18 20:38:42.008834-03	2025-10-18 20:38:42.008834-03	5
72	Catalogo Diego 2-11	T o p p e r C a k e 1	0.00	0	f	productos/souvenir/catalogo-diego-2-11.webp	2025-10-18 20:38:42.06454-03	2025-10-18 20:38:42.06454-03	5
73	Catalogo Diego 2-12	T o p p e r C a k e 1	0.00	0	f	productos/souvenir/catalogo-diego-2-12.webp	2025-10-18 20:38:42.108677-03	2025-10-18 20:38:42.108677-03	5
74	Catalogo Diego 2-13	T o p p e r C a k e 1	0.00	0	f	productos/souvenir/catalogo-diego-2-13.webp	2025-10-18 20:38:42.161474-03	2025-10-18 20:38:42.161474-03	5
75	Catalogo Diego 2-14	T o p p e r C a k e 1	0.00	0	f	productos/souvenir/catalogo-diego-2-14.webp	2025-10-18 20:38:42.211692-03	2025-10-18 20:38:42.211692-03	5
76	Catalogo Diego 2-15	T o p p e r C a k e 1	0.00	0	f	productos/souvenir/catalogo-diego-2-15.webp	2025-10-18 20:38:42.262311-03	2025-10-18 20:38:42.262311-03	5
77	Catalogo Diego 2-16	T o p p e r C a k e 1	0.00	0	f	productos/souvenir/catalogo-diego-2-16.webp	2025-10-18 20:38:42.304762-03	2025-10-18 20:38:42.304762-03	5
78	Catalogo Diego 2-17	T o p p e r C a k e 1	0.00	0	f	productos/souvenir/catalogo-diego-2-17.webp	2025-10-18 20:38:42.363853-03	2025-10-18 20:38:42.363853-03	5
79	Catalogo Diego 2-18	T o p p e r C a k e 1	0.00	0	f	productos/souvenir/catalogo-diego-2-18.webp	2025-10-18 20:38:42.417272-03	2025-10-18 20:38:42.417272-03	5
80	Catalogo Diego 2-19	T o p p e r C a k e 1	0.00	0	f	productos/souvenir/catalogo-diego-2-19.webp	2025-10-18 20:38:42.472296-03	2025-10-18 20:38:42.472296-03	5
81	Catalogo Diego 2-20	T o p p e r C a k e 1	0.00	0	f	productos/souvenir/catalogo-diego-2-20.webp	2025-10-18 20:38:42.547204-03	2025-10-18 20:38:42.547204-03	5
82	Catalogo Diego 2-21	T o p p e r C a k e 1	0.00	0	f	productos/souvenir/catalogo-diego-2-21.webp	2025-10-18 20:38:42.618018-03	2025-10-18 20:38:42.618018-03	5
83	Catalogo Diego 3-1	T o p p e r F r o n t a l 2	0.00	0	f	productos/souvenir/catalogo-diego-3-1.webp	2025-10-18 20:38:42.697173-03	2025-10-18 20:38:42.697173-03	5
84	Catalogo Diego 3-2	T o p p e r F r o n t a l 2	0.00	0	f	productos/souvenir/catalogo-diego-3-2.webp	2025-10-18 20:38:42.745287-03	2025-10-18 20:38:42.745287-03	5
85	Catalogo Diego 3-3	T o p p e r F r o n t a l 2	0.00	0	f	productos/souvenir/catalogo-diego-3-3.webp	2025-10-18 20:38:42.810369-03	2025-10-18 20:38:42.810369-03	5
86	Catalogo Diego 3-4	T o p p e r F r o n t a l 2	0.00	0	f	productos/souvenir/catalogo-diego-3-4.webp	2025-10-18 20:38:42.895513-03	2025-10-18 20:38:42.895513-03	5
87	Catalogo Diego 3-5	T o p p e r F r o n t a l 2	0.00	0	f	productos/souvenir/catalogo-diego-3-5.webp	2025-10-18 20:38:42.960572-03	2025-10-18 20:38:42.960572-03	5
88	Catalogo Diego 3-6	T o p p e r F r o n t a l 2	0.00	0	f	productos/souvenir/catalogo-diego-3-6.webp	2025-10-18 20:38:43.017477-03	2025-10-18 20:38:43.017477-03	5
89	Catalogo Diego 3-7	T o p p e r F r o n t a l 2	0.00	0	f	productos/souvenir/catalogo-diego-3-7.webp	2025-10-18 20:38:43.065511-03	2025-10-18 20:38:43.065511-03	5
90	Catalogo Diego 3-8	T o p p e r F r o n t a l 2	0.00	0	f	productos/souvenir/catalogo-diego-3-8.webp	2025-10-18 20:38:43.118574-03	2025-10-18 20:38:43.118574-03	5
91	Catalogo Diego 4-1	P o s a t o r t a 3	0.00	0	f	productos/souvenir/catalogo-diego-4-1.webp	2025-10-18 20:38:43.190657-03	2025-10-18 20:38:43.190657-03	5
92	Catalogo Diego 4-2	P o s a t o r t a 3	0.00	0	f	productos/souvenir/catalogo-diego-4-2.webp	2025-10-18 20:38:43.268186-03	2025-10-18 20:38:43.268186-03	5
93	Catalogo Diego 4-3	P o s a t o r t a 3	0.00	0	f	productos/souvenir/catalogo-diego-4-3.webp	2025-10-18 20:38:43.317398-03	2025-10-18 20:38:43.317398-03	5
94	Catalogo Diego 4-4	P o s a t o r t a 3	0.00	0	f	productos/souvenir/catalogo-diego-4-4.webp	2025-10-18 20:38:43.372464-03	2025-10-18 20:38:43.372464-03	5
95	Catalogo Diego 4-5	P o s a t o r t a 3	0.00	0	f	productos/souvenir/catalogo-diego-4-5.webp	2025-10-18 20:38:43.420621-03	2025-10-18 20:38:43.420621-03	5
96	Catalogo Diego 4-6	P o s a t o r t a 3	0.00	0	f	productos/souvenir/catalogo-diego-4-6.webp	2025-10-18 20:38:43.469105-03	2025-10-18 20:38:43.469105-03	5
97	Catalogo Diego 4-7	P o s a t o r t a 3	0.00	0	f	productos/souvenir/catalogo-diego-4-7.webp	2025-10-18 20:38:43.518347-03	2025-10-18 20:38:43.518347-03	5
98	Catalogo Diego 4-8	P o s a t o r t a 3	0.00	0	f	productos/souvenir/catalogo-diego-4-8.webp	2025-10-18 20:38:43.567461-03	2025-10-18 20:38:43.567461-03	5
99	Catalogo Diego 4-9	P o s a t o r t a 3	0.00	0	f	productos/souvenir/catalogo-diego-4-9.webp	2025-10-18 20:38:43.612537-03	2025-10-18 20:38:43.612537-03	5
100	Catalogo Diego 4-10	P o s a t o r t a 3	0.00	0	f	productos/souvenir/catalogo-diego-4-10.webp	2025-10-18 20:38:43.654441-03	2025-10-18 20:38:43.654441-03	5
101	Catalogo Diego 4-11	P o s a t o r t a 3	0.00	0	f	productos/souvenir/catalogo-diego-4-11.webp	2025-10-18 20:38:43.695333-03	2025-10-18 20:38:43.695333-03	5
102	Catalogo Diego 5-1	D i s c o s y B a s e s 4	0.00	0	f	productos/souvenir/catalogo-diego-5-1.webp	2025-10-18 20:38:43.745636-03	2025-10-18 20:38:43.745636-03	5
103	Catalogo Diego 5-2	D i s c o s y B a s e s 4	0.00	0	f	productos/souvenir/catalogo-diego-5-2.webp	2025-10-18 20:38:43.798811-03	2025-10-18 20:38:43.798811-03	5
104	Catalogo Diego 5-3	D i s c o s y B a s e s 4	0.00	0	f	productos/souvenir/catalogo-diego-5-3.webp	2025-10-18 20:38:43.905777-03	2025-10-18 20:38:43.905777-03	5
105	Catalogo Diego 5-4	D i s c o s y B a s e s 4	0.00	0	f	productos/souvenir/catalogo-diego-5-4.webp	2025-10-18 20:38:43.982288-03	2025-10-18 20:38:43.982288-03	5
106	Catalogo Diego 5-5	D i s c o s y B a s e s 4	0.00	0	f	productos/souvenir/catalogo-diego-5-5.webp	2025-10-18 20:38:44.025278-03	2025-10-18 20:38:44.025278-03	5
107	Catalogo Diego 5-6	D i s c o s y B a s e s 4	0.00	0	f	productos/souvenir/catalogo-diego-5-6.webp	2025-10-18 20:38:44.066899-03	2025-10-18 20:38:44.066899-03	5
108	Catalogo Diego 5-7	D i s c o s y B a s e s 4	0.00	0	f	productos/souvenir/catalogo-diego-5-7.webp	2025-10-18 20:38:44.107941-03	2025-10-18 20:38:44.107941-03	5
109	Catalogo Diego 5-8	D i s c o s y B a s e s 4	0.00	0	f	productos/souvenir/catalogo-diego-5-8.webp	2025-10-18 20:38:44.160426-03	2025-10-18 20:38:44.160426-03	5
110	Catalogo Diego 5-9	D i s c o s y B a s e s 4	0.00	0	f	productos/souvenir/catalogo-diego-5-9.webp	2025-10-18 20:38:44.210811-03	2025-10-18 20:38:44.210811-03	5
111	Catalogo Diego 6-1	Bandeja Desayuno 5	0.00	0	f	productos/fibrofacil/catalogo-diego-6-1.webp	2025-10-18 20:38:44.267262-03	2025-10-18 20:38:44.267262-03	3
112	Catalogo Diego 6-2	Bandeja Desayuno 5	0.00	0	f	productos/fibrofacil/catalogo-diego-6-2.webp	2025-10-18 20:38:44.311823-03	2025-10-18 20:38:44.311823-03	3
113	Catalogo Diego 6-3	Bandeja Desayuno 5	0.00	0	f	productos/fibrofacil/catalogo-diego-6-3.webp	2025-10-18 20:38:44.358482-03	2025-10-18 20:38:44.358482-03	3
114	Catalogo Diego 6-4	Bandeja Desayuno 5	0.00	0	f	productos/fibrofacil/catalogo-diego-6-4.webp	2025-10-18 20:38:44.406228-03	2025-10-18 20:38:44.406228-03	3
115	Catalogo Diego 6-5	Bandeja Desayuno 5	0.00	0	f	productos/fibrofacil/catalogo-diego-6-5.webp	2025-10-18 20:38:44.466388-03	2025-10-18 20:38:44.466388-03	3
116	Catalogo Diego 6-6	Bandeja Desayuno 5	0.00	0	f	productos/fibrofacil/catalogo-diego-6-6.webp	2025-10-18 20:38:44.541995-03	2025-10-18 20:38:44.541995-03	3
117	Catalogo Diego 6-7	Bandeja Desayuno 5	0.00	0	f	productos/fibrofacil/catalogo-diego-6-7.webp	2025-10-18 20:38:44.634872-03	2025-10-18 20:38:44.634872-03	3
118	Catalogo Diego 6-8	Bandeja Desayuno 5	0.00	0	f	productos/fibrofacil/catalogo-diego-6-8.webp	2025-10-18 20:38:44.681673-03	2025-10-18 20:38:44.681673-03	3
119	Catalogo Diego 6-9	Bandeja Desayuno 5	0.00	0	f	productos/fibrofacil/catalogo-diego-6-9.webp	2025-10-18 20:38:44.729087-03	2025-10-18 20:38:44.729087-03	3
32	adorno para torta,	adorno para torta, camiseta, varios equipos topper economico con central	0.00	0	f	productos/cotillon/catalogo-mayorista-yoquet-disenos-14-1.webp	2025-10-17 18:06:56.194168-03	2025-10-17 18:06:56.194168-03	1
54	APLIQUES,ARBóL DE NAVIDAD DE	APLIQUES,ARBóL DE NAVIDAD DE GOMA EVA BRILLOSA PACK POR 6 UNIDADES ARBóL DE NAVIDAD DE GOMA EVA BRILLOSA, 40CM DE LARGO COPOS DE NIEVE DE GOMA EVA BRILLOSA, PAC	0.00	0	f	productos/navidad/catalogo-mayorista-yoquet-disenos-39-1.webp	2025-10-17 18:06:56.194168-03	2025-10-17 18:06:56.194168-03	2
53	ARBOL DE NAVIDAD, 57 DE	ARBOL DE NAVIDAD, 57 DE LARGO POR 37 DE ANCHO. ARBOL DE NAVIDAD, 57 DE LARGO POR 27 DE ANCHO.	0.00	0	f	productos/navidad/catalogo-mayorista-yoquet-disenos-38-1.webp	2025-10-17 18:06:56.194168-03	2025-10-17 18:06:56.194168-03	2
6	Bandeja	Bandeja Desayuno 5	0.00	0	f	productos/fibrofacil/catalogo-diego-6-2.webp	2025-10-17 18:06:56.194168-03	2025-10-17 18:06:56.194168-03	3
50	bandeja, vienen lisas o con mensajes	bandeja, vienen lisas o con mensajes personalizados. medidas: 15x15 por 3CM DE ALTO 20X29 POR 6CM DE ALTO 25X35 POR 7CM DE ALTO discos fibrofacil; ONDULADOS O L	0.00	0	f	productos/fibrofacil/catalogo-mayorista-yoquet-disenos-34-1.webp	2025-10-17 18:06:56.194168-03	2025-10-17 18:06:56.194168-03	3
37	banderin goma eva “mi	banderin goma eva “mi comunion” banderin goma eva, “feliz cumple” varios colores disponibles	0.00	0	f	productos/cotillon/catalogo-mayorista-yoquet-disenos-20-1.webp	2025-10-17 18:06:56.194168-03	2025-10-17 18:06:56.194168-03	1
39	banderin,	banderin, “feliz cumpleaños” holografico cortina metalizada, 2mtsx1mts	0.00	0	f	productos/cotillon/catalogo-mayorista-yoquet-disenos-22-1.webp	2025-10-17 18:06:56.194168-03	2025-10-17 18:06:56.194168-03	1
36	banderines	banderines goma eva	0.00	0	f	productos/souvenir/catalogo-mayorista-yoquet-disenos-19-1.webp	2025-10-17 18:06:56.194168-03	2025-10-17 18:06:56.194168-03	5
25	bengala con	bengala con gibre lisas, más de 25 colores bengala holografica vela palito largo 20cm, corto 15cm	0.00	0	f	productos/cotillon/catalogo-mayorista-yoquet-disenos-6-1.webp	2025-10-17 18:06:56.194168-03	2025-10-17 18:06:56.194168-03	1
45	bengalas de humo	bengalas de humo rompecoco	0.00	0	f	productos/cotillon/catalogo-mayorista-yoquet-disenos-28-1.webp	2025-10-17 18:06:56.194168-03	2025-10-17 18:06:56.194168-03	1
35	birrete de	birrete de egresados de tela combo selfie: cuadro de selfie, con palabra “egresados” y cuatro apliques que pueden ser en color dorado o plateado. medi das cuadr	0.00	0	f	productos/decoracion/catalogo-mayorista-yoquet-disenos-18-1.webp	2025-10-17 18:06:56.194168-03	2025-10-17 18:06:56.194168-03	4
42	bolsas candy bar	bolsas candy bar	0.00	0	f	productos/souvenir/catalogo-mayorista-yoquet-disenos-25-1.webp	2025-10-17 18:06:56.194168-03	2025-10-17 18:06:56.194168-03	5
43	cañones	cañones lanza papeles cañones lanza papeles corazones	0.00	0	f	productos/souvenir/catalogo-mayorista-yoquet-disenos-26-1.webp	2025-10-17 18:06:56.194168-03	2025-10-17 18:06:56.194168-03	5
44	cañones lanza papeles,	cañones lanza papeles, dolares cañones lanza papeles, multicolor en 30cm y 40cm	0.00	0	f	productos/souvenir/catalogo-mayorista-yoquet-disenos-27-1.webp	2025-10-17 18:06:56.194168-03	2025-10-17 18:06:56.194168-03	5
1	CATALOGO	CATALOGO 11-7638-8769 @yoquetdesigns yoquetdesigns	0.00	0	f	productos/souvenir/catalogo-diego-1-1.webp	2025-10-17 18:06:56.194168-03	2025-10-17 18:06:56.194168-03	5
120	Catalogo Diego 7-1	C a j o n e s V e r d u l e r o s 6	0.00	0	f	productos/souvenir/catalogo-diego-7-1.webp	2025-10-18 20:38:44.786126-03	2025-10-18 20:38:44.786126-03	5
121	Catalogo Diego 7-2	C a j o n e s V e r d u l e r o s 6	0.00	0	f	productos/souvenir/catalogo-diego-7-2.webp	2025-10-18 20:38:44.832651-03	2025-10-18 20:38:44.832651-03	5
122	Catalogo Diego 7-3	C a j o n e s V e r d u l e r o s 6	0.00	0	f	productos/souvenir/catalogo-diego-7-3.webp	2025-10-18 20:38:44.877105-03	2025-10-18 20:38:44.877105-03	5
123	Catalogo Diego 7-4	C a j o n e s V e r d u l e r o s 6	0.00	0	f	productos/souvenir/catalogo-diego-7-4.webp	2025-10-18 20:38:44.938281-03	2025-10-18 20:38:44.938281-03	5
124	Catalogo Diego 7-5	C a j o n e s V e r d u l e r o s 6	0.00	0	f	productos/souvenir/catalogo-diego-7-5.webp	2025-10-18 20:38:45.021038-03	2025-10-18 20:38:45.021038-03	5
125	Catalogo Diego 7-6	C a j o n e s V e r d u l e r o s 6	0.00	0	f	productos/souvenir/catalogo-diego-7-6.webp	2025-10-18 20:38:45.081754-03	2025-10-18 20:38:45.081754-03	5
126	Catalogo Diego 7-7	C a j o n e s V e r d u l e r o s 6	0.00	0	f	productos/souvenir/catalogo-diego-7-7.webp	2025-10-18 20:38:45.12836-03	2025-10-18 20:38:45.12836-03	5
127	Catalogo Diego 7-8	C a j o n e s V e r d u l e r o s 6	0.00	0	f	productos/souvenir/catalogo-diego-7-8.webp	2025-10-18 20:38:45.175625-03	2025-10-18 20:38:45.175625-03	5
128	Catalogo Diego 7-9	C a j o n e s V e r d u l e r o s 6	0.00	0	f	productos/souvenir/catalogo-diego-7-9.webp	2025-10-18 20:38:45.223301-03	2025-10-18 20:38:45.223301-03	5
129	Catalogo Diego 8-1	C a j a s V a r i a s 7	0.00	0	f	productos/souvenir/catalogo-diego-8-1.webp	2025-10-18 20:38:45.288567-03	2025-10-18 20:38:45.288567-03	5
130	Catalogo Diego 8-2	C a j a s V a r i a s 7	0.00	0	f	productos/souvenir/catalogo-diego-8-2.webp	2025-10-18 20:38:45.329148-03	2025-10-18 20:38:45.329148-03	5
131	Catalogo Diego 8-3	C a j a s V a r i a s 7	0.00	0	f	productos/souvenir/catalogo-diego-8-3.webp	2025-10-18 20:38:45.367852-03	2025-10-18 20:38:45.367852-03	5
132	Catalogo Diego 8-4	C a j a s V a r i a s 7	0.00	0	f	productos/souvenir/catalogo-diego-8-4.webp	2025-10-18 20:38:45.412912-03	2025-10-18 20:38:45.412912-03	5
133	Catalogo Diego 8-5	C a j a s V a r i a s 7	0.00	0	f	productos/souvenir/catalogo-diego-8-5.webp	2025-10-18 20:38:45.462312-03	2025-10-18 20:38:45.462312-03	5
134	Catalogo Diego 8-6	C a j a s V a r i a s 7	0.00	0	f	productos/souvenir/catalogo-diego-8-6.webp	2025-10-18 20:38:45.518169-03	2025-10-18 20:38:45.518169-03	5
135	Catalogo Diego 8-7	C a j a s V a r i a s 7	0.00	0	f	productos/souvenir/catalogo-diego-8-7.webp	2025-10-18 20:38:45.573065-03	2025-10-18 20:38:45.573065-03	5
136	Catalogo Diego 8-8	C a j a s V a r i a s 7	0.00	0	f	productos/souvenir/catalogo-diego-8-8.webp	2025-10-18 20:38:45.626933-03	2025-10-18 20:38:45.626933-03	5
137	Catalogo Diego 9-1	N a v i d a d 8	0.00	0	f	productos/souvenir/catalogo-diego-9-1.webp	2025-10-18 20:38:45.701449-03	2025-10-18 20:38:45.701449-03	5
21	Catálogo	Catálogo mayorista	0.00	0	f	productos/souvenir/catalogo-mayorista-yoquet-disenos-1-1.webp	2025-10-17 18:06:56.194168-03	2025-10-17 18:06:56.194168-03	5
10	Catalogo Diego 10	A r b o l e s N a v i d a d 9	0.00	0	f	productos/souvenir/catalogo-diego-10-2.webp	2025-10-17 18:06:56.194168-03	2025-10-17 18:06:56.194168-03	5
11	Catalogo Diego 11	E s f e r a s N a v i d a d 10	0.00	0	f	productos/souvenir/catalogo-diego-11-1.webp	2025-10-17 18:06:56.194168-03	2025-10-17 18:06:56.194168-03	5
12	Catalogo Diego 12	P e s e b r e s 11	0.00	0	f	productos/souvenir/catalogo-diego-12-1.webp	2025-10-17 18:06:56.194168-03	2025-10-17 18:06:56.194168-03	5
13	Catalogo Diego 13	C a j a P o r t a V i n o 12	0.00	0	f	productos/souvenir/catalogo-diego-13-1.webp	2025-10-17 18:06:56.194168-03	2025-10-17 18:06:56.194168-03	5
14	Catalogo Diego 14	C a j a s d e T e 13	0.00	0	f	productos/souvenir/catalogo-diego-14-1.webp	2025-10-17 18:06:56.194168-03	2025-10-17 18:06:56.194168-03	5
15	Catalogo Diego 15	C a n d y B a r E s t r u c t u r a s 14	0.00	0	f	productos/souvenir/catalogo-diego-15-1.webp	2025-10-17 18:06:56.194168-03	2025-10-17 18:06:56.194168-03	5
16	Catalogo Diego 16	C a s a d e m u ñ e c a s 15	0.00	0	f	productos/souvenir/catalogo-diego-16-2.webp	2025-10-17 18:06:56.194168-03	2025-10-17 18:06:56.194168-03	5
17	Catalogo Diego 17	M u e b l e s M i n i a t u r a 16	0.00	0	f	productos/souvenir/catalogo-diego-17-1.webp	2025-10-17 18:06:56.194168-03	2025-10-17 18:06:56.194168-03	5
18	Catalogo Diego 18	T r i p t i c o s 17	0.00	0	f	productos/souvenir/catalogo-diego-18-1.webp	2025-10-17 18:06:56.194168-03	2025-10-17 18:06:56.194168-03	5
19	Catalogo Diego 19	M a n d a l a s 18	0.00	0	f	productos/souvenir/catalogo-diego-19-1.webp	2025-10-17 18:06:56.194168-03	2025-10-17 18:06:56.194168-03	5
2	Catalogo Diego 2	T o p p e r C a k e 1	0.00	0	f	productos/souvenir/catalogo-diego-2-1.webp	2025-10-17 18:06:56.194168-03	2025-10-17 18:06:56.194168-03	5
20	Catalogo Diego 20	S o u v e n i r 21	0.00	0	f	productos/souvenir/catalogo-diego-20-1.webp	2025-10-17 18:06:56.194168-03	2025-10-17 18:06:56.194168-03	5
3	Catalogo Diego 3	T o p p e r F r o n t a l 2	0.00	0	f	productos/souvenir/catalogo-diego-3-1.webp	2025-10-17 18:06:56.194168-03	2025-10-17 18:06:56.194168-03	5
4	Catalogo Diego 4	P o s a t o r t a 3	0.00	0	f	productos/souvenir/catalogo-diego-4-1.webp	2025-10-17 18:06:56.194168-03	2025-10-17 18:06:56.194168-03	5
5	Catalogo Diego 5	D i s c o s y B a s e s 4	0.00	0	f	productos/souvenir/catalogo-diego-5-2.webp	2025-10-17 18:06:56.194168-03	2025-10-17 18:06:56.194168-03	5
7	Catalogo Diego 7	C a j o n e s V e r d u l e r o s 6	0.00	0	f	productos/souvenir/catalogo-diego-7-1.webp	2025-10-17 18:06:56.194168-03	2025-10-17 18:06:56.194168-03	5
8	Catalogo Diego 8	C a j a s V a r i a s 7	0.00	0	f	productos/souvenir/catalogo-diego-8-1.webp	2025-10-17 18:06:56.194168-03	2025-10-17 18:06:56.194168-03	5
9	Catalogo Diego 9	N a v i d a d 8	0.00	0	f	productos/souvenir/catalogo-diego-9-1.webp	2025-10-17 18:06:56.194168-03	2025-10-17 18:06:56.194168-03	5
28	combo decotorta	combo decotorta personajes, varios diseños	0.00	0	f	productos/souvenir/catalogo-mayorista-yoquet-disenos-9-1.webp	2025-10-17 18:06:56.194168-03	2025-10-17 18:06:56.194168-03	5
27	combo decotorta	combo decotorta edades, liso combo decotorta combinado combo decotorta, bengala, vela palit o corto, topper y pinche formita	0.00	0	f	productos/cotillon/catalogo-mayorista-yoquet-disenos-8-1.webp	2025-10-17 18:06:56.194168-03	2025-10-17 18:06:56.194168-03	1
34	corbata goma eva,	corbata goma eva, adultos 38cm de larg o x 11 cm de ancho. banderin egresados, goma eva brillosa corbata goma eva, niños 28cm de largo x 8.5cm de ancho vincha e	0.00	0	f	productos/souvenir/catalogo-mayorista-yoquet-disenos-17-1.webp	2025-10-17 18:06:56.194168-03	2025-10-17 18:06:56.194168-03	5
40	cortina metalizada,	cortina metalizada, cuadrados 2mtsx1mts	0.00	0	f	productos/souvenir/catalogo-mayorista-yoquet-disenos-23-1.webp	2025-10-17 18:06:56.194168-03	2025-10-17 18:06:56.194168-03	5
55	CUADRO NAVIDEÑO PARA PUERTA	CUADRO NAVIDEÑO PARA PUERTA DE FIBROFACIL. CUADRO PARA PUERTA, PALABRA “FELIZ NAVIDAD” DE FIBROFACIL ESFERAS DE FIBROFACIL CON FRASES, MEDIDAS 10CM DE ANCHO POR	0.00	0	f	productos/navidad/catalogo-mayorista-yoquet-disenos-40-1.webp	2025-10-17 18:06:56.195216-03	2025-10-17 18:06:56.195216-03	2
38	decoración	decoración y fiesta	0.00	0	f	productos/decoracion/catalogo-mayorista-yoquet-disenos-21-1.webp	2025-10-17 18:06:56.195216-03	2025-10-17 18:06:56.195216-03	4
49	fibrofacil	fibrofacil	0.00	0	f	productos/fibrofacil/catalogo-mayorista-yoquet-disenos-33-1.webp	2025-10-17 18:06:56.195216-03	2025-10-17 18:06:56.195216-03	3
30	formitas pinche, con	formitas pinche, con telgopor gibreado (más de 25 colores) pack por 10 unidades topper central de telgopor pack x 2 unidades pinche feliz cumple 3d todo gibread	0.00	0	f	productos/cotillon/catalogo-mayorista-yoquet-disenos-12-1.webp	2025-10-17 18:06:56.195216-03	2025-10-17 18:06:56.195216-03	1
46	globos chrome 10	globos chrome 10 unidades, 11'’/28cm globos decorador 25 unidades, 12'’/31cm globos metalizado 25 unidades, 12'’/31cm	0.00	0	f	productos/cotillon/catalogo-mayorista-yoquet-disenos-30-1.webp	2025-10-17 18:06:56.195216-03	2025-10-17 18:06:56.195216-03	1
48	globos números	globos números metalizados 32'’ solo plateados globos metalizados 16",rosa gold, plateados y dorados globos de formas metalizados, disponibles en 5'’, 10'’, 18'	0.00	0	f	productos/cotillon/catalogo-mayorista-yoquet-disenos-32-1.webp	2025-10-17 18:06:56.195216-03	2025-10-17 18:06:56.195216-03	1
47	globos perlados 25	globos perlados 25 unidades, 9'’/23cm globos lisos 25 unidades, 9'’/23cm globos pastel, 25 unidades de 12'’/31cm	0.00	0	f	productos/cotillon/catalogo-mayorista-yoquet-disenos-31-1.webp	2025-10-17 18:06:56.195216-03	2025-10-17 18:06:56.195216-03	1
41	laminas comestibles	laminas comestibles para tortas, más de 50 diseños disponibles.	0.00	0	f	productos/souvenir/catalogo-mayorista-yoquet-disenos-24-1.webp	2025-10-17 18:06:56.195216-03	2025-10-17 18:06:56.195216-03	5
52	MUEBLES PARA CASA DE	MUEBLES PARA CASA DE MUÑECAS, SE VENDEN TODOS JUNTOS.	0.00	0	f	productos/souvenir/catalogo-mayorista-yoquet-disenos-36-1.webp	2025-10-17 18:06:56.195216-03	2025-10-17 18:06:56.195216-03	5
56	PAPA NOEL DE FIROFACIL	PAPA NOEL DE FIROFACIL GRANDE; MEDIDAS 51cm de largo por 33cm ancho 100 LUCES LEd MULTICOLOR DE ARROZ CON ENCHUFE PAPA NOEL DE FIROFACIL CHICO; MEDIDAS 31cm de 	0.00	0	f	productos/navidad/catalogo-mayorista-yoquet-disenos-41-1.webp	2025-10-17 18:06:56.195216-03	2025-10-17 18:06:56.195216-03	2
31	pinche feliz cumple con	pinche feliz cumple con gibre y telgopor grande pack x4 unidades pinche feliz cumple con gibre y telgopor mediano pack x6 unidades pinche feliz cumple con gibre	0.00	0	f	productos/cotillon/catalogo-mayorista-yoquet-disenos-13-1.webp	2025-10-17 18:06:56.195216-03	2025-10-17 18:06:56.195216-03	1
51	PORTAVINOS,SE PUEDEN PERSONALIZAR.	PORTAVINOS,SE PUEDEN PERSONALIZAR. MEDIDAS; 33CM DE LARGO POR 10CM DE ANCHO PORTAVINOS CON DISEÑO, MEDIDAS; 40CM DE LARGO POR 8CM DE ANCHO	0.00	0	f	productos/fibrofacil/catalogo-mayorista-yoquet-disenos-35-1.webp	2025-10-17 18:06:56.195216-03	2025-10-17 18:06:56.195216-03	3
33	topper economico con	topper economico con central topper economico con central	0.00	0	f	productos/cotillon/catalogo-mayorista-yoquet-disenos-15-1.webp	2025-10-17 18:06:56.195216-03	2025-10-17 18:06:56.195216-03	1
29	topper feliz cumple,	topper feliz cumple, goma eva topper central de telgopor pack x 2 unidades topper central de telgopor pack x 2 unidades	0.00	0	f	productos/cotillon/catalogo-mayorista-yoquet-disenos-11-1.webp	2025-10-17 18:06:56.195216-03	2025-10-17 18:06:56.195216-03	1
23	Vela Nº Parafina relieve,	Vela Nº Parafina relieve, toda gibreada, más de 25 colores vela nº , relieve coloreada más de 25 colores Vela Nº Parafina relieve, toda gibreada. más de 25 colo	0.00	0	f	productos/cotillon/catalogo-mayorista-yoquet-disenos-3-1.webp	2025-10-17 18:06:56.195216-03	2025-10-17 18:06:56.195216-03	1
24	velas escudo de fútbol,	velas escudo de fútbol, varios equipos veloncito con gibre vela nºcoloreada más de 25 colores	0.00	0	f	productos/cotillon/catalogo-mayorista-yoquet-disenos-4-1.webp	2025-10-17 18:06:56.195216-03	2025-10-17 18:06:56.195216-03	1
22	velas y	velas y toppers	0.00	0	f	productos/cotillon/catalogo-mayorista-yoquet-disenos-2-1.webp	2025-10-17 18:06:56.195216-03	2025-10-17 18:06:56.195216-03	1
26	vengala fantasía, varios	vengala fantasía, varios diseños disponibles. velas con formitas gibreadas, más de 25 colores combo decotorta clubes	0.00	0	f	productos/cotillon/catalogo-mayorista-yoquet-disenos-7-1.webp	2025-10-17 18:06:56.195216-03	2025-10-17 18:06:56.195216-03	1
57	VINCHAS NAVIDEÑAS,PACK POR 6	VINCHAS NAVIDEÑAS,PACK POR 6 UNIADES	0.00	0	f	productos/souvenir/catalogo-mayorista-yoquet-disenos-42-1.webp	2025-10-17 18:06:56.195216-03	2025-10-17 18:06:56.195216-03	5
58	YOQUET DISEÑOS	YOQUET DISEÑOS @YOQUETDESINGS 011-7638-8769	0.00	0	f	productos/souvenir/catalogo-mayorista-yoquet-disenos-43-1.webp	2025-10-17 18:06:56.195216-03	2025-10-17 18:06:56.195216-03	5
138	Catalogo Diego 9-2	N a v i d a d 8	0.00	0	f	productos/souvenir/catalogo-diego-9-2.webp	2025-10-18 20:38:45.803796-03	2025-10-18 20:38:45.803796-03	5
139	Catalogo Diego 9-3	N a v i d a d 8	0.00	0	f	productos/souvenir/catalogo-diego-9-3.webp	2025-10-18 20:38:45.883652-03	2025-10-18 20:38:45.883652-03	5
140	Catalogo Diego 9-4	N a v i d a d 8	0.00	0	f	productos/souvenir/catalogo-diego-9-4.webp	2025-10-18 20:38:45.934552-03	2025-10-18 20:38:45.934552-03	5
141	Catalogo Diego 9-5	N a v i d a d 8	0.00	0	f	productos/souvenir/catalogo-diego-9-5.webp	2025-10-18 20:38:45.990533-03	2025-10-18 20:38:45.990533-03	5
142	Catalogo Diego 9-6	N a v i d a d 8	0.00	0	f	productos/souvenir/catalogo-diego-9-6.webp	2025-10-18 20:38:46.044225-03	2025-10-18 20:38:46.044225-03	5
143	Catalogo Diego 9-7	N a v i d a d 8	0.00	0	f	productos/souvenir/catalogo-diego-9-7.webp	2025-10-18 20:38:46.096075-03	2025-10-18 20:38:46.096075-03	5
144	Catalogo Diego 9-8	N a v i d a d 8	0.00	0	f	productos/souvenir/catalogo-diego-9-8.webp	2025-10-18 20:38:46.144355-03	2025-10-18 20:38:46.144355-03	5
145	Catalogo Diego 9-9	N a v i d a d 8	0.00	0	f	productos/souvenir/catalogo-diego-9-9.webp	2025-10-18 20:38:46.217195-03	2025-10-18 20:38:46.217195-03	5
146	Catalogo Diego 10-1	A r b o l e s N a v i d a d 9	0.00	0	f	productos/souvenir/catalogo-diego-10-1.webp	2025-10-18 20:38:46.306617-03	2025-10-18 20:38:46.306617-03	5
147	Catalogo Diego 10-2	A r b o l e s N a v i d a d 9	0.00	0	f	productos/souvenir/catalogo-diego-10-2.webp	2025-10-18 20:38:46.353986-03	2025-10-18 20:38:46.353986-03	5
148	Catalogo Diego 10-3	A r b o l e s N a v i d a d 9	0.00	0	f	productos/souvenir/catalogo-diego-10-3.webp	2025-10-18 20:38:46.39926-03	2025-10-18 20:38:46.39926-03	5
149	Catalogo Diego 10-4	A r b o l e s N a v i d a d 9	0.00	0	f	productos/souvenir/catalogo-diego-10-4.webp	2025-10-18 20:38:46.445399-03	2025-10-18 20:38:46.445399-03	5
150	Catalogo Diego 10-5	A r b o l e s N a v i d a d 9	0.00	0	f	productos/souvenir/catalogo-diego-10-5.webp	2025-10-18 20:38:46.504051-03	2025-10-18 20:38:46.504051-03	5
151	Catalogo Diego 10-6	A r b o l e s N a v i d a d 9	0.00	0	f	productos/souvenir/catalogo-diego-10-6.webp	2025-10-18 20:38:46.558756-03	2025-10-18 20:38:46.558756-03	5
152	Catalogo Diego 10-7	A r b o l e s N a v i d a d 9	0.00	0	f	productos/souvenir/catalogo-diego-10-7.webp	2025-10-18 20:38:46.618409-03	2025-10-18 20:38:46.618409-03	5
153	Catalogo Diego 10-8	A r b o l e s N a v i d a d 9	0.00	0	f	productos/souvenir/catalogo-diego-10-8.webp	2025-10-18 20:38:46.671726-03	2025-10-18 20:38:46.671726-03	5
154	Catalogo Diego 10-9	A r b o l e s N a v i d a d 9	0.00	0	f	productos/souvenir/catalogo-diego-10-9.webp	2025-10-18 20:38:46.721531-03	2025-10-18 20:38:46.721531-03	5
155	Catalogo Diego 11-1	E s f e r a s N a v i d a d 10	0.00	0	f	productos/souvenir/catalogo-diego-11-1.webp	2025-10-18 20:38:46.796082-03	2025-10-18 20:38:46.796082-03	5
156	Catalogo Diego 11-2	E s f e r a s N a v i d a d 10	0.00	0	f	productos/souvenir/catalogo-diego-11-2.webp	2025-10-18 20:38:46.84194-03	2025-10-18 20:38:46.84194-03	5
157	Catalogo Diego 11-3	E s f e r a s N a v i d a d 10	0.00	0	f	productos/souvenir/catalogo-diego-11-3.webp	2025-10-18 20:38:46.885965-03	2025-10-18 20:38:46.885965-03	5
158	Catalogo Diego 11-4	E s f e r a s N a v i d a d 10	0.00	0	f	productos/souvenir/catalogo-diego-11-4.webp	2025-10-18 20:38:46.928936-03	2025-10-18 20:38:46.928936-03	5
159	Catalogo Diego 11-5	E s f e r a s N a v i d a d 10	0.00	0	f	productos/souvenir/catalogo-diego-11-5.webp	2025-10-18 20:38:46.973869-03	2025-10-18 20:38:46.973869-03	5
160	Catalogo Diego 11-6	E s f e r a s N a v i d a d 10	0.00	0	f	productos/souvenir/catalogo-diego-11-6.webp	2025-10-18 20:38:47.017701-03	2025-10-18 20:38:47.017701-03	5
161	Catalogo Diego 11-7	E s f e r a s N a v i d a d 10	0.00	0	f	productos/souvenir/catalogo-diego-11-7.webp	2025-10-18 20:38:47.062401-03	2025-10-18 20:38:47.062401-03	5
162	Catalogo Diego 11-8	E s f e r a s N a v i d a d 10	0.00	0	f	productos/souvenir/catalogo-diego-11-8.webp	2025-10-18 20:38:47.103773-03	2025-10-18 20:38:47.103773-03	5
163	Catalogo Diego 11-9	E s f e r a s N a v i d a d 10	0.00	0	f	productos/souvenir/catalogo-diego-11-9.webp	2025-10-18 20:38:47.14461-03	2025-10-18 20:38:47.14461-03	5
164	Catalogo Diego 11-10	E s f e r a s N a v i d a d 10	0.00	0	f	productos/souvenir/catalogo-diego-11-10.webp	2025-10-18 20:38:47.187517-03	2025-10-18 20:38:47.187517-03	5
165	Catalogo Diego 11-11	E s f e r a s N a v i d a d 10	0.00	0	f	productos/souvenir/catalogo-diego-11-11.webp	2025-10-18 20:38:47.226463-03	2025-10-18 20:38:47.226463-03	5
166	Catalogo Diego 11-12	E s f e r a s N a v i d a d 10	0.00	0	f	productos/souvenir/catalogo-diego-11-12.webp	2025-10-18 20:38:47.272239-03	2025-10-18 20:38:47.272239-03	5
167	Catalogo Diego 11-13	E s f e r a s N a v i d a d 10	0.00	0	f	productos/souvenir/catalogo-diego-11-13.webp	2025-10-18 20:38:47.328098-03	2025-10-18 20:38:47.328098-03	5
168	Catalogo Diego 12-1	P e s e b r e s 11	0.00	0	f	productos/souvenir/catalogo-diego-12-1.webp	2025-10-18 20:38:47.402654-03	2025-10-18 20:38:47.402654-03	5
169	Catalogo Diego 12-2	P e s e b r e s 11	0.00	0	f	productos/souvenir/catalogo-diego-12-2.webp	2025-10-18 20:38:47.482036-03	2025-10-18 20:38:47.482036-03	5
170	Catalogo Diego 12-3	P e s e b r e s 11	0.00	0	f	productos/souvenir/catalogo-diego-12-3.webp	2025-10-18 20:38:47.591817-03	2025-10-18 20:38:47.591817-03	5
171	Catalogo Diego 12-4	P e s e b r e s 11	0.00	0	f	productos/souvenir/catalogo-diego-12-4.webp	2025-10-18 20:38:47.65048-03	2025-10-18 20:38:47.65048-03	5
172	Catalogo Diego 12-5	P e s e b r e s 11	0.00	0	f	productos/souvenir/catalogo-diego-12-5.webp	2025-10-18 20:38:47.697975-03	2025-10-18 20:38:47.697975-03	5
173	Catalogo Diego 12-6	P e s e b r e s 11	0.00	0	f	productos/souvenir/catalogo-diego-12-6.webp	2025-10-18 20:38:47.739403-03	2025-10-18 20:38:47.739403-03	5
174	Catalogo Diego 12-7	P e s e b r e s 11	0.00	0	f	productos/souvenir/catalogo-diego-12-7.webp	2025-10-18 20:38:47.784897-03	2025-10-18 20:38:47.784897-03	5
175	Catalogo Diego 12-8	P e s e b r e s 11	0.00	0	f	productos/souvenir/catalogo-diego-12-8.webp	2025-10-18 20:38:47.841764-03	2025-10-18 20:38:47.841764-03	5
176	Catalogo Diego 12-9	P e s e b r e s 11	0.00	0	f	productos/souvenir/catalogo-diego-12-9.webp	2025-10-18 20:38:47.933157-03	2025-10-18 20:38:47.933157-03	5
177	Catalogo Diego 12-10	P e s e b r e s 11	0.00	0	f	productos/souvenir/catalogo-diego-12-10.webp	2025-10-18 20:38:48.015279-03	2025-10-18 20:38:48.015279-03	5
178	Catalogo Diego 12-11	P e s e b r e s 11	0.00	0	f	productos/souvenir/catalogo-diego-12-11.webp	2025-10-18 20:38:48.075329-03	2025-10-18 20:38:48.075329-03	5
179	Catalogo Diego 13-1	C a j a P o r t a V i n o 12	0.00	0	f	productos/souvenir/catalogo-diego-13-1.webp	2025-10-18 20:38:48.166256-03	2025-10-18 20:38:48.166256-03	5
180	Catalogo Diego 13-2	C a j a P o r t a V i n o 12	0.00	0	f	productos/souvenir/catalogo-diego-13-2.webp	2025-10-18 20:38:48.245336-03	2025-10-18 20:38:48.245336-03	5
181	Catalogo Diego 13-3	C a j a P o r t a V i n o 12	0.00	0	f	productos/souvenir/catalogo-diego-13-3.webp	2025-10-18 20:38:48.335295-03	2025-10-18 20:38:48.335295-03	5
182	Catalogo Diego 13-4	C a j a P o r t a V i n o 12	0.00	0	f	productos/souvenir/catalogo-diego-13-4.webp	2025-10-18 20:38:48.40157-03	2025-10-18 20:38:48.40157-03	5
183	Catalogo Diego 13-5	C a j a P o r t a V i n o 12	0.00	0	f	productos/souvenir/catalogo-diego-13-5.webp	2025-10-18 20:38:48.466781-03	2025-10-18 20:38:48.466781-03	5
184	Catalogo Diego 13-6	C a j a P o r t a V i n o 12	0.00	0	f	productos/souvenir/catalogo-diego-13-6.webp	2025-10-18 20:38:48.514243-03	2025-10-18 20:38:48.514243-03	5
185	Catalogo Diego 13-7	C a j a P o r t a V i n o 12	0.00	0	f	productos/souvenir/catalogo-diego-13-7.webp	2025-10-18 20:38:48.558726-03	2025-10-18 20:38:48.558726-03	5
186	Catalogo Diego 14-1	C a j a s d e T e 13	0.00	0	f	productos/souvenir/catalogo-diego-14-1.webp	2025-10-18 20:38:48.629287-03	2025-10-18 20:38:48.629287-03	5
187	Catalogo Diego 14-2	C a j a s d e T e 13	0.00	0	f	productos/souvenir/catalogo-diego-14-2.webp	2025-10-18 20:38:48.678426-03	2025-10-18 20:38:48.678426-03	5
188	Catalogo Diego 14-3	C a j a s d e T e 13	0.00	0	f	productos/souvenir/catalogo-diego-14-3.webp	2025-10-18 20:38:48.732235-03	2025-10-18 20:38:48.732235-03	5
189	Catalogo Diego 14-4	C a j a s d e T e 13	0.00	0	f	productos/souvenir/catalogo-diego-14-4.webp	2025-10-18 20:38:48.777724-03	2025-10-18 20:38:48.777724-03	5
190	Catalogo Diego 14-5	C a j a s d e T e 13	0.00	0	f	productos/souvenir/catalogo-diego-14-5.webp	2025-10-18 20:38:48.830225-03	2025-10-18 20:38:48.830225-03	5
191	Catalogo Diego 14-6	C a j a s d e T e 13	0.00	0	f	productos/souvenir/catalogo-diego-14-6.webp	2025-10-18 20:38:48.872476-03	2025-10-18 20:38:48.872476-03	5
192	Catalogo Diego 14-7	C a j a s d e T e 13	0.00	0	f	productos/souvenir/catalogo-diego-14-7.webp	2025-10-18 20:38:48.913393-03	2025-10-18 20:38:48.913393-03	5
193	Catalogo Diego 14-8	C a j a s d e T e 13	0.00	0	f	productos/souvenir/catalogo-diego-14-8.webp	2025-10-18 20:38:48.961098-03	2025-10-18 20:38:48.961098-03	5
194	Catalogo Diego 14-9	C a j a s d e T e 13	0.00	0	f	productos/souvenir/catalogo-diego-14-9.webp	2025-10-18 20:38:49.013353-03	2025-10-18 20:38:49.013353-03	5
195	Catalogo Diego 15-1	C a n d y B a r E s t r u c t u r a s 14	0.00	0	f	productos/souvenir/catalogo-diego-15-1.webp	2025-10-18 20:38:49.09002-03	2025-10-18 20:38:49.09002-03	5
196	Catalogo Diego 15-2	C a n d y B a r E s t r u c t u r a s 14	0.00	0	f	productos/souvenir/catalogo-diego-15-2.webp	2025-10-18 20:38:49.156005-03	2025-10-18 20:38:49.156005-03	5
197	Catalogo Diego 15-3	C a n d y B a r E s t r u c t u r a s 14	0.00	0	f	productos/souvenir/catalogo-diego-15-3.webp	2025-10-18 20:38:49.202995-03	2025-10-18 20:38:49.202995-03	5
198	Catalogo Diego 15-4	C a n d y B a r E s t r u c t u r a s 14	0.00	0	f	productos/souvenir/catalogo-diego-15-4.webp	2025-10-18 20:38:49.253192-03	2025-10-18 20:38:49.253192-03	5
199	Catalogo Diego 15-5	C a n d y B a r E s t r u c t u r a s 14	0.00	0	f	productos/souvenir/catalogo-diego-15-5.webp	2025-10-18 20:38:49.300367-03	2025-10-18 20:38:49.300367-03	5
200	Catalogo Diego 15-6	C a n d y B a r E s t r u c t u r a s 14	0.00	0	f	productos/souvenir/catalogo-diego-15-6.webp	2025-10-18 20:38:49.349898-03	2025-10-18 20:38:49.349898-03	5
201	Catalogo Diego 15-7	C a n d y B a r E s t r u c t u r a s 14	0.00	0	f	productos/souvenir/catalogo-diego-15-7.webp	2025-10-18 20:38:49.396815-03	2025-10-18 20:38:49.396815-03	5
202	Catalogo Diego 15-8	C a n d y B a r E s t r u c t u r a s 14	0.00	0	f	productos/souvenir/catalogo-diego-15-8.webp	2025-10-18 20:38:49.443189-03	2025-10-18 20:38:49.443189-03	5
203	Catalogo Diego 16-1	C a s a d e m u ñ e c a s 15	0.00	0	f	productos/souvenir/catalogo-diego-16-1.webp	2025-10-18 20:38:49.503566-03	2025-10-18 20:38:49.503566-03	5
204	Catalogo Diego 16-2	C a s a d e m u ñ e c a s 15	0.00	0	f	productos/souvenir/catalogo-diego-16-2.webp	2025-10-18 20:38:49.551651-03	2025-10-18 20:38:49.551651-03	5
205	Catalogo Diego 16-3	C a s a d e m u ñ e c a s 15	0.00	0	f	productos/souvenir/catalogo-diego-16-3.webp	2025-10-18 20:38:49.600607-03	2025-10-18 20:38:49.600607-03	5
206	Catalogo Diego 16-4	C a s a d e m u ñ e c a s 15	0.00	0	f	productos/souvenir/catalogo-diego-16-4.webp	2025-10-18 20:38:49.655832-03	2025-10-18 20:38:49.655832-03	5
207	Catalogo Diego 16-5	C a s a d e m u ñ e c a s 15	0.00	0	f	productos/souvenir/catalogo-diego-16-5.webp	2025-10-18 20:38:49.718286-03	2025-10-18 20:38:49.718286-03	5
208	Catalogo Diego 16-6	C a s a d e m u ñ e c a s 15	0.00	0	f	productos/souvenir/catalogo-diego-16-6.webp	2025-10-18 20:38:49.765327-03	2025-10-18 20:38:49.765327-03	5
209	Catalogo Diego 16-7	C a s a d e m u ñ e c a s 15	0.00	0	f	productos/souvenir/catalogo-diego-16-7.webp	2025-10-18 20:38:49.812057-03	2025-10-18 20:38:49.812057-03	5
210	Catalogo Diego 17-1	M u e b l e s M i n i a t u r a 16	0.00	0	f	productos/souvenir/catalogo-diego-17-1.webp	2025-10-18 20:38:49.879452-03	2025-10-18 20:38:49.879452-03	5
211	Catalogo Diego 17-2	M u e b l e s M i n i a t u r a 16	0.00	0	f	productos/souvenir/catalogo-diego-17-2.webp	2025-10-18 20:38:49.939182-03	2025-10-18 20:38:49.939182-03	5
212	Catalogo Diego 17-3	M u e b l e s M i n i a t u r a 16	0.00	0	f	productos/souvenir/catalogo-diego-17-3.webp	2025-10-18 20:38:49.999164-03	2025-10-18 20:38:49.999164-03	5
213	Catalogo Diego 17-4	M u e b l e s M i n i a t u r a 16	0.00	0	f	productos/souvenir/catalogo-diego-17-4.webp	2025-10-18 20:38:50.048981-03	2025-10-18 20:38:50.048981-03	5
214	Catalogo Diego 17-5	M u e b l e s M i n i a t u r a 16	0.00	0	f	productos/souvenir/catalogo-diego-17-5.webp	2025-10-18 20:38:50.096207-03	2025-10-18 20:38:50.096207-03	5
215	Catalogo Diego 17-6	M u e b l e s M i n i a t u r a 16	0.00	0	f	productos/souvenir/catalogo-diego-17-6.webp	2025-10-18 20:38:50.17177-03	2025-10-18 20:38:50.17177-03	5
216	Catalogo Diego 17-7	M u e b l e s M i n i a t u r a 16	0.00	0	f	productos/souvenir/catalogo-diego-17-7.webp	2025-10-18 20:38:50.233943-03	2025-10-18 20:38:50.233943-03	5
217	Catalogo Diego 17-8	M u e b l e s M i n i a t u r a 16	0.00	0	f	productos/souvenir/catalogo-diego-17-8.webp	2025-10-18 20:38:50.278055-03	2025-10-18 20:38:50.278055-03	5
218	Catalogo Diego 17-9	M u e b l e s M i n i a t u r a 16	0.00	0	f	productos/souvenir/catalogo-diego-17-9.webp	2025-10-18 20:38:50.320262-03	2025-10-18 20:38:50.320262-03	5
219	Catalogo Diego 17-10	M u e b l e s M i n i a t u r a 16	0.00	0	f	productos/souvenir/catalogo-diego-17-10.webp	2025-10-18 20:38:50.367864-03	2025-10-18 20:38:50.367864-03	5
220	Catalogo Diego 17-11	M u e b l e s M i n i a t u r a 16	0.00	0	f	productos/souvenir/catalogo-diego-17-11.webp	2025-10-18 20:38:50.414404-03	2025-10-18 20:38:50.414404-03	5
221	Catalogo Diego 17-12	M u e b l e s M i n i a t u r a 16	0.00	0	f	productos/souvenir/catalogo-diego-17-12.webp	2025-10-18 20:38:50.458057-03	2025-10-18 20:38:50.458057-03	5
222	Catalogo Diego 17-13	M u e b l e s M i n i a t u r a 16	0.00	0	f	productos/souvenir/catalogo-diego-17-13.webp	2025-10-18 20:38:50.514064-03	2025-10-18 20:38:50.514064-03	5
223	Catalogo Diego 17-14	M u e b l e s M i n i a t u r a 16	0.00	0	f	productos/souvenir/catalogo-diego-17-14.webp	2025-10-18 20:38:50.57397-03	2025-10-18 20:38:50.57397-03	5
224	Catalogo Diego 18-1	T r i p t i c o s 17	0.00	0	f	productos/souvenir/catalogo-diego-18-1.webp	2025-10-18 20:38:50.679466-03	2025-10-18 20:38:50.679466-03	5
225	Catalogo Diego 18-2	T r i p t i c o s 17	0.00	0	f	productos/souvenir/catalogo-diego-18-2.webp	2025-10-18 20:38:50.753364-03	2025-10-18 20:38:50.753364-03	5
226	Catalogo Diego 18-3	T r i p t i c o s 17	0.00	0	f	productos/souvenir/catalogo-diego-18-3.webp	2025-10-18 20:38:50.831938-03	2025-10-18 20:38:50.831938-03	5
227	Catalogo Diego 18-4	T r i p t i c o s 17	0.00	0	f	productos/souvenir/catalogo-diego-18-4.webp	2025-10-18 20:38:50.87493-03	2025-10-18 20:38:50.87493-03	5
228	Catalogo Diego 18-5	T r i p t i c o s 17	0.00	0	f	productos/souvenir/catalogo-diego-18-5.webp	2025-10-18 20:38:50.925666-03	2025-10-18 20:38:50.925666-03	5
229	Catalogo Diego 18-6	T r i p t i c o s 17	0.00	0	f	productos/souvenir/catalogo-diego-18-6.webp	2025-10-18 20:38:50.972153-03	2025-10-18 20:38:50.972153-03	5
230	Catalogo Diego 18-7	T r i p t i c o s 17	0.00	0	f	productos/souvenir/catalogo-diego-18-7.webp	2025-10-18 20:38:51.019978-03	2025-10-18 20:38:51.019978-03	5
231	Catalogo Diego 19-1	M a n d a l a s 18	0.00	0	f	productos/souvenir/catalogo-diego-19-1.webp	2025-10-18 20:38:51.079284-03	2025-10-18 20:38:51.079284-03	5
232	Catalogo Diego 19-2	M a n d a l a s 18	0.00	0	f	productos/souvenir/catalogo-diego-19-2.webp	2025-10-18 20:38:51.122241-03	2025-10-18 20:38:51.122241-03	5
233	Catalogo Diego 19-3	M a n d a l a s 18	0.00	0	f	productos/souvenir/catalogo-diego-19-3.webp	2025-10-18 20:38:51.172157-03	2025-10-18 20:38:51.172157-03	5
234	Catalogo Diego 19-4	M a n d a l a s 18	0.00	0	f	productos/souvenir/catalogo-diego-19-4.webp	2025-10-18 20:38:51.229007-03	2025-10-18 20:38:51.229007-03	5
235	Catalogo Diego 19-5	M a n d a l a s 18	0.00	0	f	productos/souvenir/catalogo-diego-19-5.webp	2025-10-18 20:38:51.306306-03	2025-10-18 20:38:51.306306-03	5
236	Catalogo Diego 19-6	M a n d a l a s 18	0.00	0	f	productos/souvenir/catalogo-diego-19-6.webp	2025-10-18 20:38:51.350303-03	2025-10-18 20:38:51.350303-03	5
237	Catalogo Diego 19-7	M a n d a l a s 18	0.00	0	f	productos/souvenir/catalogo-diego-19-7.webp	2025-10-18 20:38:51.396855-03	2025-10-18 20:38:51.396855-03	5
238	Catalogo Diego 19-8	M a n d a l a s 18	0.00	0	f	productos/souvenir/catalogo-diego-19-8.webp	2025-10-18 20:38:51.443101-03	2025-10-18 20:38:51.443101-03	5
239	Catalogo Diego 19-9	M a n d a l a s 18	0.00	0	f	productos/souvenir/catalogo-diego-19-9.webp	2025-10-18 20:38:51.505154-03	2025-10-18 20:38:51.505154-03	5
240	Catalogo Diego 19-10	M a n d a l a s 18	0.00	0	f	productos/souvenir/catalogo-diego-19-10.webp	2025-10-18 20:38:51.567496-03	2025-10-18 20:38:51.567496-03	5
241	Catalogo Diego 19-11	M a n d a l a s 18	0.00	0	f	productos/souvenir/catalogo-diego-19-11.webp	2025-10-18 20:38:51.642306-03	2025-10-18 20:38:51.642306-03	5
242	Catalogo Diego 19-12	M a n d a l a s 18	0.00	0	f	productos/souvenir/catalogo-diego-19-12.webp	2025-10-18 20:38:51.691816-03	2025-10-18 20:38:51.691816-03	5
243	Catalogo Diego 19-13	M a n d a l a s 18	0.00	0	f	productos/souvenir/catalogo-diego-19-13.webp	2025-10-18 20:38:51.740676-03	2025-10-18 20:38:51.740676-03	5
244	Catalogo Diego 20-1	S o u v e n i r 21	0.00	0	f	productos/souvenir/catalogo-diego-20-1.webp	2025-10-18 20:38:51.803491-03	2025-10-18 20:38:51.803491-03	5
245	Catalogo Diego 20-2	S o u v e n i r 21	0.00	0	f	productos/souvenir/catalogo-diego-20-2.webp	2025-10-18 20:38:51.851639-03	2025-10-18 20:38:51.851639-03	5
246	Catalogo Diego 20-3	S o u v e n i r 21	0.00	0	f	productos/souvenir/catalogo-diego-20-3.webp	2025-10-18 20:38:51.899658-03	2025-10-18 20:38:51.899658-03	5
247	Catalogo Diego 20-4	S o u v e n i r 21	0.00	0	f	productos/souvenir/catalogo-diego-20-4.webp	2025-10-18 20:38:51.951174-03	2025-10-18 20:38:51.951174-03	5
248	Catalogo Diego 20-5	S o u v e n i r 21	0.00	0	f	productos/souvenir/catalogo-diego-20-5.webp	2025-10-18 20:38:51.996844-03	2025-10-18 20:38:51.996844-03	5
249	Catalogo Diego 20-6	S o u v e n i r 21	0.00	0	f	productos/souvenir/catalogo-diego-20-6.webp	2025-10-18 20:38:52.039249-03	2025-10-18 20:38:52.039249-03	5
250	Catalogo Diego 20-7	S o u v e n i r 21	0.00	0	f	productos/souvenir/catalogo-diego-20-7.webp	2025-10-18 20:38:52.086444-03	2025-10-18 20:38:52.086444-03	5
251	Catalogo Diego 20-8	S o u v e n i r 21	0.00	0	f	productos/souvenir/catalogo-diego-20-8.webp	2025-10-18 20:38:52.131437-03	2025-10-18 20:38:52.131437-03	5
252	Catalogo mayorista Yoquet Diseños.  1-1	Catálogo mayorista	0.00	0	f	productos/souvenir/catalogo-mayorista-yoquet-disenos-1-1.webp	2025-10-18 20:38:52.441518-03	2025-10-18 20:38:52.441518-03	5
253	Catalogo mayorista Yoquet Diseños.  2-1	velas y toppers	0.00	0	f	productos/cotillon/catalogo-mayorista-yoquet-disenos-2-1.webp	2025-10-18 20:38:52.628592-03	2025-10-18 20:38:52.628592-03	1
254	Catalogo mayorista Yoquet Diseños.  3-1	Vela Nº Parafina relieve, toda gibreada, más de 25 colores vela nº , relieve coloreada más de 25 colores Vela Nº Parafina relieve, toda gibreada. más de 25 colo	0.00	0	f	productos/cotillon/catalogo-mayorista-yoquet-disenos-3-1.webp	2025-10-18 20:38:52.804116-03	2025-10-18 20:38:52.804116-03	1
255	Catalogo mayorista Yoquet Diseños.  3-2	Vela Nº Parafina relieve, toda gibreada, más de 25 colores vela nº , relieve coloreada más de 25 colores Vela Nº Parafina relieve, toda gibreada. más de 25 colo	0.00	0	f	productos/cotillon/catalogo-mayorista-yoquet-disenos-3-2.webp	2025-10-18 20:38:53.167503-03	2025-10-18 20:38:53.167503-03	1
256	Catalogo mayorista Yoquet Diseños.  3-3	Vela Nº Parafina relieve, toda gibreada, más de 25 colores vela nº , relieve coloreada más de 25 colores Vela Nº Parafina relieve, toda gibreada. más de 25 colo	0.00	0	f	productos/cotillon/catalogo-mayorista-yoquet-disenos-3-3.webp	2025-10-18 20:38:53.229882-03	2025-10-18 20:38:53.229882-03	1
257	Catalogo mayorista Yoquet Diseños.  3-4	Vela Nº Parafina relieve, toda gibreada, más de 25 colores vela nº , relieve coloreada más de 25 colores Vela Nº Parafina relieve, toda gibreada. más de 25 colo	0.00	0	f	productos/cotillon/catalogo-mayorista-yoquet-disenos-3-4.webp	2025-10-18 20:38:53.331003-03	2025-10-18 20:38:53.331003-03	1
258	Catalogo mayorista Yoquet Diseños.  3-5	Vela Nº Parafina relieve, toda gibreada, más de 25 colores vela nº , relieve coloreada más de 25 colores Vela Nº Parafina relieve, toda gibreada. más de 25 colo	0.00	0	f	productos/cotillon/catalogo-mayorista-yoquet-disenos-3-5.webp	2025-10-18 20:38:53.504859-03	2025-10-18 20:38:53.504859-03	1
259	Catalogo mayorista Yoquet Diseños.  4-1	velas escudo de fútbol, varios equipos veloncito con gibre vela nºcoloreada más de 25 colores	0.00	0	f	productos/cotillon/catalogo-mayorista-yoquet-disenos-4-1.webp	2025-10-18 20:38:53.578835-03	2025-10-18 20:38:53.578835-03	1
260	Catalogo mayorista Yoquet Diseños.  4-2	velas escudo de fútbol, varios equipos veloncito con gibre vela nºcoloreada más de 25 colores	0.00	0	f	productos/cotillon/catalogo-mayorista-yoquet-disenos-4-2.webp	2025-10-18 20:38:53.664912-03	2025-10-18 20:38:53.664912-03	1
261	Catalogo mayorista Yoquet Diseños.  4-3	velas escudo de fútbol, varios equipos veloncito con gibre vela nºcoloreada más de 25 colores	0.00	0	f	productos/cotillon/catalogo-mayorista-yoquet-disenos-4-3.webp	2025-10-18 20:38:53.84651-03	2025-10-18 20:38:53.84651-03	1
262	Catalogo mayorista Yoquet Diseños.  4-4	velas escudo de fútbol, varios equipos veloncito con gibre vela nºcoloreada más de 25 colores	0.00	0	f	productos/cotillon/catalogo-mayorista-yoquet-disenos-4-4.webp	2025-10-18 20:38:54.005603-03	2025-10-18 20:38:54.005603-03	1
263	Catalogo mayorista Yoquet Diseños.  4-5	velas escudo de fútbol, varios equipos veloncito con gibre vela nºcoloreada más de 25 colores	0.00	0	f	productos/cotillon/catalogo-mayorista-yoquet-disenos-4-5.webp	2025-10-18 20:38:54.199277-03	2025-10-18 20:38:54.199277-03	1
264	Catalogo mayorista Yoquet Diseños.  5-1	bengala con gibre lisas, más de 25 colores bengala holografica vela palito largo 20cm, corto 15cm	0.00	0	f	productos/cotillon/catalogo-mayorista-yoquet-disenos-5-1.webp	2025-10-18 20:38:54.341914-03	2025-10-18 20:38:54.341914-03	1
265	Catalogo mayorista Yoquet Diseños.  5-2	bengala con gibre lisas, más de 25 colores bengala holografica vela palito largo 20cm, corto 15cm	0.00	0	f	productos/cotillon/catalogo-mayorista-yoquet-disenos-5-2.webp	2025-10-18 20:38:54.514768-03	2025-10-18 20:38:54.514768-03	1
266	Catalogo mayorista Yoquet Diseños.  5-3	bengala con gibre lisas, más de 25 colores bengala holografica vela palito largo 20cm, corto 15cm	0.00	0	f	productos/cotillon/catalogo-mayorista-yoquet-disenos-5-3.webp	2025-10-18 20:38:54.673336-03	2025-10-18 20:38:54.673336-03	1
384	Catalogo mayorista Yoquet Diseños.  36-4	MUEBLES PARA CASA DE MUÑECAS, SE VENDEN TODOS JUNTOS.	0.00	0	f	productos/souvenir/catalogo-mayorista-yoquet-disenos-36-4.webp	2025-10-18 20:39:19.900539-03	2025-10-18 20:39:19.900539-03	5
267	Catalogo mayorista Yoquet Diseños.  5-4	bengala con gibre lisas, más de 25 colores bengala holografica vela palito largo 20cm, corto 15cm	0.00	0	f	productos/cotillon/catalogo-mayorista-yoquet-disenos-5-4.webp	2025-10-18 20:38:54.827438-03	2025-10-18 20:38:54.827438-03	1
268	Catalogo mayorista Yoquet Diseños.  6-1	bengala con personajes bengala con gibre combinada bengala con gibre formas, más de 25 colores	0.00	0	f	productos/cotillon/catalogo-mayorista-yoquet-disenos-6-1.webp	2025-10-18 20:38:55.060062-03	2025-10-18 20:38:55.060062-03	1
269	Catalogo mayorista Yoquet Diseños.  6-2	bengala con personajes bengala con gibre combinada bengala con gibre formas, más de 25 colores	0.00	0	f	productos/cotillon/catalogo-mayorista-yoquet-disenos-6-2.webp	2025-10-18 20:38:55.241494-03	2025-10-18 20:38:55.241494-03	1
270	Catalogo mayorista Yoquet Diseños.  6-3	bengala con personajes bengala con gibre combinada bengala con gibre formas, más de 25 colores	0.00	0	f	productos/cotillon/catalogo-mayorista-yoquet-disenos-6-3.webp	2025-10-18 20:38:55.403042-03	2025-10-18 20:38:55.403042-03	1
271	Catalogo mayorista Yoquet Diseños.  6-4	bengala con personajes bengala con gibre combinada bengala con gibre formas, más de 25 colores	0.00	0	f	productos/cotillon/catalogo-mayorista-yoquet-disenos-6-4.webp	2025-10-18 20:38:55.570613-03	2025-10-18 20:38:55.570613-03	1
272	Catalogo mayorista Yoquet Diseños.  7-1	vengala fantasía, varios diseños disponibles. velas con formitas gibreadas, más de 25 colores combo decotorta clubes	0.00	0	f	productos/cotillon/catalogo-mayorista-yoquet-disenos-7-1.webp	2025-10-18 20:38:55.75614-03	2025-10-18 20:38:55.75614-03	1
273	Catalogo mayorista Yoquet Diseños.  7-2	vengala fantasía, varios diseños disponibles. velas con formitas gibreadas, más de 25 colores combo decotorta clubes	0.00	0	f	productos/cotillon/catalogo-mayorista-yoquet-disenos-7-2.webp	2025-10-18 20:38:56.069934-03	2025-10-18 20:38:56.069934-03	1
274	Catalogo mayorista Yoquet Diseños.  7-3	vengala fantasía, varios diseños disponibles. velas con formitas gibreadas, más de 25 colores combo decotorta clubes	0.00	0	f	productos/cotillon/catalogo-mayorista-yoquet-disenos-7-3.webp	2025-10-18 20:38:56.238803-03	2025-10-18 20:38:56.238803-03	1
275	Catalogo mayorista Yoquet Diseños.  7-4	vengala fantasía, varios diseños disponibles. velas con formitas gibreadas, más de 25 colores combo decotorta clubes	0.00	0	f	productos/cotillon/catalogo-mayorista-yoquet-disenos-7-4.webp	2025-10-18 20:38:56.458878-03	2025-10-18 20:38:56.458878-03	1
276	Catalogo mayorista Yoquet Diseños.  7-5	vengala fantasía, varios diseños disponibles. velas con formitas gibreadas, más de 25 colores combo decotorta clubes	0.00	0	f	productos/cotillon/catalogo-mayorista-yoquet-disenos-7-5.webp	2025-10-18 20:38:56.630413-03	2025-10-18 20:38:56.630413-03	1
277	Catalogo mayorista Yoquet Diseños.  8-1	combo decotorta edades, liso combo decotorta combinado combo decotorta, bengala, vela palit o corto, topper y pinche formita	0.00	0	f	productos/cotillon/catalogo-mayorista-yoquet-disenos-8-1.webp	2025-10-18 20:38:56.829282-03	2025-10-18 20:38:56.829282-03	1
278	Catalogo mayorista Yoquet Diseños.  8-2	combo decotorta edades, liso combo decotorta combinado combo decotorta, bengala, vela palit o corto, topper y pinche formita	0.00	0	f	productos/cotillon/catalogo-mayorista-yoquet-disenos-8-2.webp	2025-10-18 20:38:57.040294-03	2025-10-18 20:38:57.040294-03	1
279	Catalogo mayorista Yoquet Diseños.  8-3	combo decotorta edades, liso combo decotorta combinado combo decotorta, bengala, vela palit o corto, topper y pinche formita	0.00	0	f	productos/cotillon/catalogo-mayorista-yoquet-disenos-8-3.webp	2025-10-18 20:38:57.241605-03	2025-10-18 20:38:57.241605-03	1
280	Catalogo mayorista Yoquet Diseños.  8-4	combo decotorta edades, liso combo decotorta combinado combo decotorta, bengala, vela palit o corto, topper y pinche formita	0.00	0	f	productos/cotillon/catalogo-mayorista-yoquet-disenos-8-4.webp	2025-10-18 20:38:57.410676-03	2025-10-18 20:38:57.410676-03	1
281	Catalogo mayorista Yoquet Diseños.  8-5	combo decotorta edades, liso combo decotorta combinado combo decotorta, bengala, vela palit o corto, topper y pinche formita	0.00	0	f	productos/cotillon/catalogo-mayorista-yoquet-disenos-8-5.webp	2025-10-18 20:38:57.68202-03	2025-10-18 20:38:57.68202-03	1
282	Catalogo mayorista Yoquet Diseños.  8-6	combo decotorta edades, liso combo decotorta combinado combo decotorta, bengala, vela palit o corto, topper y pinche formita	0.00	0	f	productos/cotillon/catalogo-mayorista-yoquet-disenos-8-6.webp	2025-10-18 20:38:57.827617-03	2025-10-18 20:38:57.827617-03	1
283	Catalogo mayorista Yoquet Diseños.  9-1	combo decotorta personajes, varios diseños	0.00	0	f	productos/souvenir/catalogo-mayorista-yoquet-disenos-9-1.webp	2025-10-18 20:38:58.081783-03	2025-10-18 20:38:58.081783-03	5
284	Catalogo mayorista Yoquet Diseños.  9-2	combo decotorta personajes, varios diseños	0.00	0	f	productos/souvenir/catalogo-mayorista-yoquet-disenos-9-2.webp	2025-10-18 20:38:58.292494-03	2025-10-18 20:38:58.292494-03	5
285	Catalogo mayorista Yoquet Diseños.  9-3	combo decotorta personajes, varios diseños	0.00	0	f	productos/souvenir/catalogo-mayorista-yoquet-disenos-9-3.webp	2025-10-18 20:38:58.480963-03	2025-10-18 20:38:58.480963-03	5
286	Catalogo mayorista Yoquet Diseños.  9-4	combo decotorta personajes, varios diseños	0.00	0	f	productos/souvenir/catalogo-mayorista-yoquet-disenos-9-4.webp	2025-10-18 20:38:58.727607-03	2025-10-18 20:38:58.727607-03	5
287	Catalogo mayorista Yoquet Diseños.  9-5	combo decotorta personajes, varios diseños	0.00	0	f	productos/souvenir/catalogo-mayorista-yoquet-disenos-9-5.webp	2025-10-18 20:38:58.909875-03	2025-10-18 20:38:58.909875-03	5
288	Catalogo mayorista Yoquet Diseños.  10-1		0.00	0	f	productos/souvenir/catalogo-mayorista-yoquet-disenos-10-1.webp	2025-10-18 20:38:59.150348-03	2025-10-18 20:38:59.150348-03	5
289	Catalogo mayorista Yoquet Diseños.  10-2		0.00	0	f	productos/souvenir/catalogo-mayorista-yoquet-disenos-10-2.webp	2025-10-18 20:38:59.374146-03	2025-10-18 20:38:59.374146-03	5
290	Catalogo mayorista Yoquet Diseños.  10-3		0.00	0	f	productos/souvenir/catalogo-mayorista-yoquet-disenos-10-3.webp	2025-10-18 20:38:59.604523-03	2025-10-18 20:38:59.604523-03	5
291	Catalogo mayorista Yoquet Diseños.  11-1	topper feliz cumple, goma eva topper central de telgopor pack x 2 unidades topper central de telgopor pack x 2 unidades	0.00	0	f	productos/cotillon/catalogo-mayorista-yoquet-disenos-11-1.webp	2025-10-18 20:38:59.812497-03	2025-10-18 20:38:59.812497-03	1
292	Catalogo mayorista Yoquet Diseños.  11-2	topper feliz cumple, goma eva topper central de telgopor pack x 2 unidades topper central de telgopor pack x 2 unidades	0.00	0	f	productos/cotillon/catalogo-mayorista-yoquet-disenos-11-2.webp	2025-10-18 20:39:00.014028-03	2025-10-18 20:39:00.014028-03	1
293	Catalogo mayorista Yoquet Diseños.  11-3	topper feliz cumple, goma eva topper central de telgopor pack x 2 unidades topper central de telgopor pack x 2 unidades	0.00	0	f	productos/cotillon/catalogo-mayorista-yoquet-disenos-11-3.webp	2025-10-18 20:39:00.187205-03	2025-10-18 20:39:00.187205-03	1
294	Catalogo mayorista Yoquet Diseños.  11-4	topper feliz cumple, goma eva topper central de telgopor pack x 2 unidades topper central de telgopor pack x 2 unidades	0.00	0	f	productos/cotillon/catalogo-mayorista-yoquet-disenos-11-4.webp	2025-10-18 20:39:00.360819-03	2025-10-18 20:39:00.360819-03	1
295	Catalogo mayorista Yoquet Diseños.  12-1	formitas pinche, con telgopor gibreado (más de 25 colores) pack por 10 unidades topper central de telgopor pack x 2 unidades pinche feliz cumple 3d todo gibread	0.00	0	f	productos/cotillon/catalogo-mayorista-yoquet-disenos-12-1.webp	2025-10-18 20:39:00.632292-03	2025-10-18 20:39:00.632292-03	1
296	Catalogo mayorista Yoquet Diseños.  12-2	formitas pinche, con telgopor gibreado (más de 25 colores) pack por 10 unidades topper central de telgopor pack x 2 unidades pinche feliz cumple 3d todo gibread	0.00	0	f	productos/cotillon/catalogo-mayorista-yoquet-disenos-12-2.webp	2025-10-18 20:39:00.863542-03	2025-10-18 20:39:00.863542-03	1
297	Catalogo mayorista Yoquet Diseños.  12-3	formitas pinche, con telgopor gibreado (más de 25 colores) pack por 10 unidades topper central de telgopor pack x 2 unidades pinche feliz cumple 3d todo gibread	0.00	0	f	productos/cotillon/catalogo-mayorista-yoquet-disenos-12-3.webp	2025-10-18 20:39:01.084886-03	2025-10-18 20:39:01.084886-03	1
298	Catalogo mayorista Yoquet Diseños.  12-4	formitas pinche, con telgopor gibreado (más de 25 colores) pack por 10 unidades topper central de telgopor pack x 2 unidades pinche feliz cumple 3d todo gibread	0.00	0	f	productos/cotillon/catalogo-mayorista-yoquet-disenos-12-4.webp	2025-10-18 20:39:01.247975-03	2025-10-18 20:39:01.247975-03	1
299	Catalogo mayorista Yoquet Diseños.  13-1	pinche feliz cumple con gibre y telgopor grande pack x4 unidades pinche feliz cumple con gibre y telgopor mediano pack x6 unidades pinche feliz cumple con gibre	0.00	0	f	productos/cotillon/catalogo-mayorista-yoquet-disenos-13-1.webp	2025-10-18 20:39:01.457166-03	2025-10-18 20:39:01.457166-03	1
300	Catalogo mayorista Yoquet Diseños.  13-2	pinche feliz cumple con gibre y telgopor grande pack x4 unidades pinche feliz cumple con gibre y telgopor mediano pack x6 unidades pinche feliz cumple con gibre	0.00	0	f	productos/cotillon/catalogo-mayorista-yoquet-disenos-13-2.webp	2025-10-18 20:39:01.642252-03	2025-10-18 20:39:01.642252-03	1
301	Catalogo mayorista Yoquet Diseños.  13-3	pinche feliz cumple con gibre y telgopor grande pack x4 unidades pinche feliz cumple con gibre y telgopor mediano pack x6 unidades pinche feliz cumple con gibre	0.00	0	f	productos/cotillon/catalogo-mayorista-yoquet-disenos-13-3.webp	2025-10-18 20:39:01.856464-03	2025-10-18 20:39:01.856464-03	1
302	Catalogo mayorista Yoquet Diseños.  13-4	pinche feliz cumple con gibre y telgopor grande pack x4 unidades pinche feliz cumple con gibre y telgopor mediano pack x6 unidades pinche feliz cumple con gibre	0.00	0	f	productos/cotillon/catalogo-mayorista-yoquet-disenos-13-4.webp	2025-10-18 20:39:02.055051-03	2025-10-18 20:39:02.055051-03	1
303	Catalogo mayorista Yoquet Diseños.  14-1	adorno para torta, camiseta, varios equipos topper economico con central	0.00	0	f	productos/cotillon/catalogo-mayorista-yoquet-disenos-14-1.webp	2025-10-18 20:39:02.333458-03	2025-10-18 20:39:02.333458-03	1
304	Catalogo mayorista Yoquet Diseños.  14-2	adorno para torta, camiseta, varios equipos topper economico con central	0.00	0	f	productos/cotillon/catalogo-mayorista-yoquet-disenos-14-2.webp	2025-10-18 20:39:02.651596-03	2025-10-18 20:39:02.651596-03	1
305	Catalogo mayorista Yoquet Diseños.  14-3	adorno para torta, camiseta, varios equipos topper economico con central	0.00	0	f	productos/cotillon/catalogo-mayorista-yoquet-disenos-14-3.webp	2025-10-18 20:39:02.91624-03	2025-10-18 20:39:02.91624-03	1
306	Catalogo mayorista Yoquet Diseños.  14-4	adorno para torta, camiseta, varios equipos topper economico con central	0.00	0	f	productos/cotillon/catalogo-mayorista-yoquet-disenos-14-4.webp	2025-10-18 20:39:03.15306-03	2025-10-18 20:39:03.15306-03	1
307	Catalogo mayorista Yoquet Diseños.  14-5	adorno para torta, camiseta, varios equipos topper economico con central	0.00	0	f	productos/cotillon/catalogo-mayorista-yoquet-disenos-14-5.webp	2025-10-18 20:39:03.464535-03	2025-10-18 20:39:03.464535-03	1
308	Catalogo mayorista Yoquet Diseños.  14-6	adorno para torta, camiseta, varios equipos topper economico con central	0.00	0	f	productos/cotillon/catalogo-mayorista-yoquet-disenos-14-6.webp	2025-10-18 20:39:03.709504-03	2025-10-18 20:39:03.709504-03	1
309	Catalogo mayorista Yoquet Diseños.  14-7	adorno para torta, camiseta, varios equipos topper economico con central	0.00	0	f	productos/cotillon/catalogo-mayorista-yoquet-disenos-14-7.webp	2025-10-18 20:39:03.851295-03	2025-10-18 20:39:03.851295-03	1
310	Catalogo mayorista Yoquet Diseños.  15-1	topper economico con central topper economico con central	0.00	0	f	productos/cotillon/catalogo-mayorista-yoquet-disenos-15-1.webp	2025-10-18 20:39:04.182029-03	2025-10-18 20:39:04.182029-03	1
311	Catalogo mayorista Yoquet Diseños.  15-2	topper economico con central topper economico con central	0.00	0	f	productos/cotillon/catalogo-mayorista-yoquet-disenos-15-2.webp	2025-10-18 20:39:04.491242-03	2025-10-18 20:39:04.491242-03	1
312	Catalogo mayorista Yoquet Diseños.  15-3	topper economico con central topper economico con central	0.00	0	f	productos/cotillon/catalogo-mayorista-yoquet-disenos-15-3.webp	2025-10-18 20:39:04.666155-03	2025-10-18 20:39:04.666155-03	1
313	Catalogo mayorista Yoquet Diseños.  16-1	egresados	0.00	0	f	productos/souvenir/catalogo-mayorista-yoquet-disenos-16-1.webp	2025-10-18 20:39:04.875464-03	2025-10-18 20:39:04.875464-03	5
314	Catalogo mayorista Yoquet Diseños.  17-1	corbata goma eva, adultos 38cm de larg o x 11 cm de ancho. banderin egresados, goma eva brillosa corbata goma eva, niños 28cm de largo x 8.5cm de ancho vincha e	0.00	0	f	productos/souvenir/catalogo-mayorista-yoquet-disenos-17-1.webp	2025-10-18 20:39:05.080676-03	2025-10-18 20:39:05.080676-03	5
315	Catalogo mayorista Yoquet Diseños.  17-2	corbata goma eva, adultos 38cm de larg o x 11 cm de ancho. banderin egresados, goma eva brillosa corbata goma eva, niños 28cm de largo x 8.5cm de ancho vincha e	0.00	0	f	productos/souvenir/catalogo-mayorista-yoquet-disenos-17-2.webp	2025-10-18 20:39:05.293456-03	2025-10-18 20:39:05.293456-03	5
316	Catalogo mayorista Yoquet Diseños.  17-3	corbata goma eva, adultos 38cm de larg o x 11 cm de ancho. banderin egresados, goma eva brillosa corbata goma eva, niños 28cm de largo x 8.5cm de ancho vincha e	0.00	0	f	productos/souvenir/catalogo-mayorista-yoquet-disenos-17-3.webp	2025-10-18 20:39:05.507715-03	2025-10-18 20:39:05.507715-03	5
317	Catalogo mayorista Yoquet Diseños.  17-4	corbata goma eva, adultos 38cm de larg o x 11 cm de ancho. banderin egresados, goma eva brillosa corbata goma eva, niños 28cm de largo x 8.5cm de ancho vincha e	0.00	0	f	productos/souvenir/catalogo-mayorista-yoquet-disenos-17-4.webp	2025-10-18 20:39:05.757328-03	2025-10-18 20:39:05.757328-03	5
318	Catalogo mayorista Yoquet Diseños.  17-5	corbata goma eva, adultos 38cm de larg o x 11 cm de ancho. banderin egresados, goma eva brillosa corbata goma eva, niños 28cm de largo x 8.5cm de ancho vincha e	0.00	0	f	productos/souvenir/catalogo-mayorista-yoquet-disenos-17-5.webp	2025-10-18 20:39:05.929108-03	2025-10-18 20:39:05.929108-03	5
319	Catalogo mayorista Yoquet Diseños.  18-1	birrete de egresados de tela combo selfie: cuadro de selfie, con palabra “egresados” y cuatro apliques que pueden ser en color dorado o plateado. medi das cuadr	0.00	0	f	productos/decoracion/catalogo-mayorista-yoquet-disenos-18-1.webp	2025-10-18 20:39:05.994059-03	2025-10-18 20:39:05.994059-03	4
320	Catalogo mayorista Yoquet Diseños.  18-2	birrete de egresados de tela combo selfie: cuadro de selfie, con palabra “egresados” y cuatro apliques que pueden ser en color dorado o plateado. medi das cuadr	0.00	0	f	productos/decoracion/catalogo-mayorista-yoquet-disenos-18-2.webp	2025-10-18 20:39:06.254907-03	2025-10-18 20:39:06.254907-03	4
321	Catalogo mayorista Yoquet Diseños.  18-3	birrete de egresados de tela combo selfie: cuadro de selfie, con palabra “egresados” y cuatro apliques que pueden ser en color dorado o plateado. medi das cuadr	0.00	0	f	productos/decoracion/catalogo-mayorista-yoquet-disenos-18-3.webp	2025-10-18 20:39:06.39369-03	2025-10-18 20:39:06.39369-03	4
322	Catalogo mayorista Yoquet Diseños.  18-4	birrete de egresados de tela combo selfie: cuadro de selfie, con palabra “egresados” y cuatro apliques que pueden ser en color dorado o plateado. medi das cuadr	0.00	0	f	productos/decoracion/catalogo-mayorista-yoquet-disenos-18-4.webp	2025-10-18 20:39:06.545896-03	2025-10-18 20:39:06.545896-03	4
323	Catalogo mayorista Yoquet Diseños.  18-5	birrete de egresados de tela combo selfie: cuadro de selfie, con palabra “egresados” y cuatro apliques que pueden ser en color dorado o plateado. medi das cuadr	0.00	0	f	productos/decoracion/catalogo-mayorista-yoquet-disenos-18-5.webp	2025-10-18 20:39:06.738604-03	2025-10-18 20:39:06.738604-03	4
324	Catalogo mayorista Yoquet Diseños.  18-6	birrete de egresados de tela combo selfie: cuadro de selfie, con palabra “egresados” y cuatro apliques que pueden ser en color dorado o plateado. medi das cuadr	0.00	0	f	productos/decoracion/catalogo-mayorista-yoquet-disenos-18-6.webp	2025-10-18 20:39:06.895533-03	2025-10-18 20:39:06.895533-03	4
325	Catalogo mayorista Yoquet Diseños.  19-1	banderines goma eva	0.00	0	f	productos/souvenir/catalogo-mayorista-yoquet-disenos-19-1.webp	2025-10-18 20:39:07.138756-03	2025-10-18 20:39:07.138756-03	5
326	Catalogo mayorista Yoquet Diseños.  20-1	banderin goma eva “mi comunion” banderin goma eva, “feliz cumple” varios colores disponibles	0.00	0	f	productos/cotillon/catalogo-mayorista-yoquet-disenos-20-1.webp	2025-10-18 20:39:07.305609-03	2025-10-18 20:39:07.305609-03	1
327	Catalogo mayorista Yoquet Diseños.  20-2	banderin goma eva “mi comunion” banderin goma eva, “feliz cumple” varios colores disponibles	0.00	0	f	productos/cotillon/catalogo-mayorista-yoquet-disenos-20-2.webp	2025-10-18 20:39:07.477781-03	2025-10-18 20:39:07.477781-03	1
328	Catalogo mayorista Yoquet Diseños.  20-3	banderin goma eva “mi comunion” banderin goma eva, “feliz cumple” varios colores disponibles	0.00	0	f	productos/cotillon/catalogo-mayorista-yoquet-disenos-20-3.webp	2025-10-18 20:39:07.661153-03	2025-10-18 20:39:07.661153-03	1
329	Catalogo mayorista Yoquet Diseños.  20-4	banderin goma eva “mi comunion” banderin goma eva, “feliz cumple” varios colores disponibles	0.00	0	f	productos/cotillon/catalogo-mayorista-yoquet-disenos-20-4.webp	2025-10-18 20:39:07.856591-03	2025-10-18 20:39:07.856591-03	1
330	Catalogo mayorista Yoquet Diseños.  21-1	decoración y fiesta	0.00	0	f	productos/decoracion/catalogo-mayorista-yoquet-disenos-21-1.webp	2025-10-18 20:39:08.022305-03	2025-10-18 20:39:08.022305-03	4
331	Catalogo mayorista Yoquet Diseños.  22-1	banderin, “feliz cumpleaños” holografico cortina metalizada, 2mtsx1mts	0.00	0	f	productos/cotillon/catalogo-mayorista-yoquet-disenos-22-1.webp	2025-10-18 20:39:08.215497-03	2025-10-18 20:39:08.215497-03	1
332	Catalogo mayorista Yoquet Diseños.  22-2	banderin, “feliz cumpleaños” holografico cortina metalizada, 2mtsx1mts	0.00	0	f	productos/cotillon/catalogo-mayorista-yoquet-disenos-22-2.webp	2025-10-18 20:39:08.423828-03	2025-10-18 20:39:08.423828-03	1
333	Catalogo mayorista Yoquet Diseños.  22-3	banderin, “feliz cumpleaños” holografico cortina metalizada, 2mtsx1mts	0.00	0	f	productos/cotillon/catalogo-mayorista-yoquet-disenos-22-3.webp	2025-10-18 20:39:08.590717-03	2025-10-18 20:39:08.590717-03	1
334	Catalogo mayorista Yoquet Diseños.  22-4	banderin, “feliz cumpleaños” holografico cortina metalizada, 2mtsx1mts	0.00	0	f	productos/cotillon/catalogo-mayorista-yoquet-disenos-22-4.webp	2025-10-18 20:39:08.764897-03	2025-10-18 20:39:08.764897-03	1
335	Catalogo mayorista Yoquet Diseños.  23-1	cortina metalizada, cuadrados 2mtsx1mts	0.00	0	f	productos/souvenir/catalogo-mayorista-yoquet-disenos-23-1.webp	2025-10-18 20:39:09.0229-03	2025-10-18 20:39:09.0229-03	5
336	Catalogo mayorista Yoquet Diseños.  23-2	cortina metalizada, cuadrados 2mtsx1mts	0.00	0	f	productos/souvenir/catalogo-mayorista-yoquet-disenos-23-2.webp	2025-10-18 20:39:09.118752-03	2025-10-18 20:39:09.118752-03	5
337	Catalogo mayorista Yoquet Diseños.  23-3	cortina metalizada, cuadrados 2mtsx1mts	0.00	0	f	productos/souvenir/catalogo-mayorista-yoquet-disenos-23-3.webp	2025-10-18 20:39:09.258186-03	2025-10-18 20:39:09.258186-03	5
338	Catalogo mayorista Yoquet Diseños.  24-1	laminas comestibles para tortas, más de 50 diseños disponibles.	0.00	0	f	productos/souvenir/catalogo-mayorista-yoquet-disenos-24-1.webp	2025-10-18 20:39:09.940781-03	2025-10-18 20:39:09.940781-03	5
339	Catalogo mayorista Yoquet Diseños.  24-2	laminas comestibles para tortas, más de 50 diseños disponibles.	0.00	0	f	productos/souvenir/catalogo-mayorista-yoquet-disenos-24-2.webp	2025-10-18 20:39:10.40718-03	2025-10-18 20:39:10.40718-03	5
340	Catalogo mayorista Yoquet Diseños.  24-3	laminas comestibles para tortas, más de 50 diseños disponibles.	0.00	0	f	productos/souvenir/catalogo-mayorista-yoquet-disenos-24-3.webp	2025-10-18 20:39:10.885172-03	2025-10-18 20:39:10.885172-03	5
341	Catalogo mayorista Yoquet Diseños.  24-4	laminas comestibles para tortas, más de 50 diseños disponibles.	0.00	0	f	productos/souvenir/catalogo-mayorista-yoquet-disenos-24-4.webp	2025-10-18 20:39:11.436227-03	2025-10-18 20:39:11.436227-03	5
342	Catalogo mayorista Yoquet Diseños.  24-5	laminas comestibles para tortas, más de 50 diseños disponibles.	0.00	0	f	productos/souvenir/catalogo-mayorista-yoquet-disenos-24-5.webp	2025-10-18 20:39:11.613869-03	2025-10-18 20:39:11.613869-03	5
343	Catalogo mayorista Yoquet Diseños.  25-1	bolsas candy bar	0.00	0	f	productos/souvenir/catalogo-mayorista-yoquet-disenos-25-1.webp	2025-10-18 20:39:11.911745-03	2025-10-18 20:39:11.911745-03	5
344	Catalogo mayorista Yoquet Diseños.  25-2	bolsas candy bar	0.00	0	f	productos/souvenir/catalogo-mayorista-yoquet-disenos-25-2.webp	2025-10-18 20:39:12.2802-03	2025-10-18 20:39:12.2802-03	5
345	Catalogo mayorista Yoquet Diseños.  25-3	bolsas candy bar	0.00	0	f	productos/souvenir/catalogo-mayorista-yoquet-disenos-25-3.webp	2025-10-18 20:39:12.617562-03	2025-10-18 20:39:12.617562-03	5
346	Catalogo mayorista Yoquet Diseños.  25-4	bolsas candy bar	0.00	0	f	productos/souvenir/catalogo-mayorista-yoquet-disenos-25-4.webp	2025-10-18 20:39:12.941237-03	2025-10-18 20:39:12.941237-03	5
347	Catalogo mayorista Yoquet Diseños.  25-5	bolsas candy bar	0.00	0	f	productos/souvenir/catalogo-mayorista-yoquet-disenos-25-5.webp	2025-10-18 20:39:13.127969-03	2025-10-18 20:39:13.127969-03	5
348	Catalogo mayorista Yoquet Diseños.  26-1	cañones lanza papeles cañones lanza papeles corazones	0.00	0	f	productos/souvenir/catalogo-mayorista-yoquet-disenos-26-1.webp	2025-10-18 20:39:13.353406-03	2025-10-18 20:39:13.353406-03	5
349	Catalogo mayorista Yoquet Diseños.  26-2	cañones lanza papeles cañones lanza papeles corazones	0.00	0	f	productos/souvenir/catalogo-mayorista-yoquet-disenos-26-2.webp	2025-10-18 20:39:13.479257-03	2025-10-18 20:39:13.479257-03	5
350	Catalogo mayorista Yoquet Diseños.  26-3	cañones lanza papeles cañones lanza papeles corazones	0.00	0	f	productos/souvenir/catalogo-mayorista-yoquet-disenos-26-3.webp	2025-10-18 20:39:13.683525-03	2025-10-18 20:39:13.683525-03	5
351	Catalogo mayorista Yoquet Diseños.  27-1	cañones lanza papeles, dolares cañones lanza papeles, multicolor en 30cm y 40cm	0.00	0	f	productos/souvenir/catalogo-mayorista-yoquet-disenos-27-1.webp	2025-10-18 20:39:13.857178-03	2025-10-18 20:39:13.857178-03	5
352	Catalogo mayorista Yoquet Diseños.  27-2	cañones lanza papeles, dolares cañones lanza papeles, multicolor en 30cm y 40cm	0.00	0	f	productos/souvenir/catalogo-mayorista-yoquet-disenos-27-2.webp	2025-10-18 20:39:13.998862-03	2025-10-18 20:39:13.998862-03	5
353	Catalogo mayorista Yoquet Diseños.  27-3	cañones lanza papeles, dolares cañones lanza papeles, multicolor en 30cm y 40cm	0.00	0	f	productos/souvenir/catalogo-mayorista-yoquet-disenos-27-3.webp	2025-10-18 20:39:14.184879-03	2025-10-18 20:39:14.184879-03	5
354	Catalogo mayorista Yoquet Diseños.  28-1	bengalas de humo rompecoco	0.00	0	f	productos/cotillon/catalogo-mayorista-yoquet-disenos-28-1.webp	2025-10-18 20:39:14.384872-03	2025-10-18 20:39:14.384872-03	1
355	Catalogo mayorista Yoquet Diseños.  28-2	bengalas de humo rompecoco	0.00	0	f	productos/cotillon/catalogo-mayorista-yoquet-disenos-28-2.webp	2025-10-18 20:39:14.603627-03	2025-10-18 20:39:14.603627-03	1
356	Catalogo mayorista Yoquet Diseños.  28-3	bengalas de humo rompecoco	0.00	0	f	productos/cotillon/catalogo-mayorista-yoquet-disenos-28-3.webp	2025-10-18 20:39:14.851526-03	2025-10-18 20:39:14.851526-03	1
357	Catalogo mayorista Yoquet Diseños.  29-1	globos	0.00	0	f	productos/cotillon/catalogo-mayorista-yoquet-disenos-29-1.webp	2025-10-18 20:39:15.005737-03	2025-10-18 20:39:15.005737-03	1
358	Catalogo mayorista Yoquet Diseños.  30-1	globos chrome 10 unidades, 11'’/28cm globos decorador 25 unidades, 12'’/31cm globos metalizado 25 unidades, 12'’/31cm	0.00	0	f	productos/cotillon/catalogo-mayorista-yoquet-disenos-30-1.webp	2025-10-18 20:39:15.243978-03	2025-10-18 20:39:15.243978-03	1
359	Catalogo mayorista Yoquet Diseños.  30-2	globos chrome 10 unidades, 11'’/28cm globos decorador 25 unidades, 12'’/31cm globos metalizado 25 unidades, 12'’/31cm	0.00	0	f	productos/cotillon/catalogo-mayorista-yoquet-disenos-30-2.webp	2025-10-18 20:39:15.495756-03	2025-10-18 20:39:15.495756-03	1
360	Catalogo mayorista Yoquet Diseños.  30-3	globos chrome 10 unidades, 11'’/28cm globos decorador 25 unidades, 12'’/31cm globos metalizado 25 unidades, 12'’/31cm	0.00	0	f	productos/cotillon/catalogo-mayorista-yoquet-disenos-30-3.webp	2025-10-18 20:39:15.803144-03	2025-10-18 20:39:15.803144-03	1
361	Catalogo mayorista Yoquet Diseños.  30-4	globos chrome 10 unidades, 11'’/28cm globos decorador 25 unidades, 12'’/31cm globos metalizado 25 unidades, 12'’/31cm	0.00	0	f	productos/cotillon/catalogo-mayorista-yoquet-disenos-30-4.webp	2025-10-18 20:39:16.008317-03	2025-10-18 20:39:16.008317-03	1
362	Catalogo mayorista Yoquet Diseños.  31-1	globos perlados 25 unidades, 9'’/23cm globos lisos 25 unidades, 9'’/23cm globos pastel, 25 unidades de 12'’/31cm	0.00	0	f	productos/cotillon/catalogo-mayorista-yoquet-disenos-31-1.webp	2025-10-18 20:39:16.285608-03	2025-10-18 20:39:16.285608-03	1
363	Catalogo mayorista Yoquet Diseños.  31-2	globos perlados 25 unidades, 9'’/23cm globos lisos 25 unidades, 9'’/23cm globos pastel, 25 unidades de 12'’/31cm	0.00	0	f	productos/cotillon/catalogo-mayorista-yoquet-disenos-31-2.webp	2025-10-18 20:39:16.552317-03	2025-10-18 20:39:16.552317-03	1
364	Catalogo mayorista Yoquet Diseños.  31-3	globos perlados 25 unidades, 9'’/23cm globos lisos 25 unidades, 9'’/23cm globos pastel, 25 unidades de 12'’/31cm	0.00	0	f	productos/cotillon/catalogo-mayorista-yoquet-disenos-31-3.webp	2025-10-18 20:39:16.673146-03	2025-10-18 20:39:16.673146-03	1
365	Catalogo mayorista Yoquet Diseños.  31-4	globos perlados 25 unidades, 9'’/23cm globos lisos 25 unidades, 9'’/23cm globos pastel, 25 unidades de 12'’/31cm	0.00	0	f	productos/cotillon/catalogo-mayorista-yoquet-disenos-31-4.webp	2025-10-18 20:39:16.816718-03	2025-10-18 20:39:16.816718-03	1
366	Catalogo mayorista Yoquet Diseños.  32-1	globos números metalizados 32'’ solo plateados globos metalizados 16",rosa gold, plateados y dorados globos de formas metalizados, disponibles en 5'’, 10'’, 18'	0.00	0	f	productos/cotillon/catalogo-mayorista-yoquet-disenos-32-1.webp	2025-10-18 20:39:16.928356-03	2025-10-18 20:39:16.928356-03	1
367	Catalogo mayorista Yoquet Diseños.  32-2	globos números metalizados 32'’ solo plateados globos metalizados 16",rosa gold, plateados y dorados globos de formas metalizados, disponibles en 5'’, 10'’, 18'	0.00	0	f	productos/cotillon/catalogo-mayorista-yoquet-disenos-32-2.webp	2025-10-18 20:39:17.006003-03	2025-10-18 20:39:17.006003-03	1
368	Catalogo mayorista Yoquet Diseños.  32-3	globos números metalizados 32'’ solo plateados globos metalizados 16",rosa gold, plateados y dorados globos de formas metalizados, disponibles en 5'’, 10'’, 18'	0.00	0	f	productos/cotillon/catalogo-mayorista-yoquet-disenos-32-3.webp	2025-10-18 20:39:17.101209-03	2025-10-18 20:39:17.101209-03	1
369	Catalogo mayorista Yoquet Diseños.  32-4	globos números metalizados 32'’ solo plateados globos metalizados 16",rosa gold, plateados y dorados globos de formas metalizados, disponibles en 5'’, 10'’, 18'	0.00	0	f	productos/cotillon/catalogo-mayorista-yoquet-disenos-32-4.webp	2025-10-18 20:39:17.218915-03	2025-10-18 20:39:17.218915-03	1
370	Catalogo mayorista Yoquet Diseños.  32-5	globos números metalizados 32'’ solo plateados globos metalizados 16",rosa gold, plateados y dorados globos de formas metalizados, disponibles en 5'’, 10'’, 18'	0.00	0	f	productos/cotillon/catalogo-mayorista-yoquet-disenos-32-5.webp	2025-10-18 20:39:17.293605-03	2025-10-18 20:39:17.293605-03	1
371	Catalogo mayorista Yoquet Diseños.  32-6	globos números metalizados 32'’ solo plateados globos metalizados 16",rosa gold, plateados y dorados globos de formas metalizados, disponibles en 5'’, 10'’, 18'	0.00	0	f	productos/cotillon/catalogo-mayorista-yoquet-disenos-32-6.webp	2025-10-18 20:39:17.498444-03	2025-10-18 20:39:17.498444-03	1
372	Catalogo mayorista Yoquet Diseños.  33-1	fibrofacil	0.00	0	f	productos/fibrofacil/catalogo-mayorista-yoquet-disenos-33-1.webp	2025-10-18 20:39:17.69743-03	2025-10-18 20:39:17.69743-03	3
373	Catalogo mayorista Yoquet Diseños.  34-1	bandeja, vienen lisas o con mensajes personalizados. medidas: 15x15 por 3CM DE ALTO 20X29 POR 6CM DE ALTO 25X35 POR 7CM DE ALTO discos fibrofacil; ONDULADOS O L	0.00	0	f	productos/fibrofacil/catalogo-mayorista-yoquet-disenos-34-1.webp	2025-10-18 20:39:17.769063-03	2025-10-18 20:39:17.769063-03	3
374	Catalogo mayorista Yoquet Diseños.  34-2	bandeja, vienen lisas o con mensajes personalizados. medidas: 15x15 por 3CM DE ALTO 20X29 POR 6CM DE ALTO 25X35 POR 7CM DE ALTO discos fibrofacil; ONDULADOS O L	0.00	0	f	productos/fibrofacil/catalogo-mayorista-yoquet-disenos-34-2.webp	2025-10-18 20:39:17.854186-03	2025-10-18 20:39:17.854186-03	3
375	Catalogo mayorista Yoquet Diseños.  34-3	bandeja, vienen lisas o con mensajes personalizados. medidas: 15x15 por 3CM DE ALTO 20X29 POR 6CM DE ALTO 25X35 POR 7CM DE ALTO discos fibrofacil; ONDULADOS O L	0.00	0	f	productos/fibrofacil/catalogo-mayorista-yoquet-disenos-34-3.webp	2025-10-18 20:39:18.016018-03	2025-10-18 20:39:18.016018-03	3
376	Catalogo mayorista Yoquet Diseños.  35-1	PORTAVINOS,SE PUEDEN PERSONALIZAR. MEDIDAS; 33CM DE LARGO POR 10CM DE ANCHO PORTAVINOS CON DISEÑO, MEDIDAS; 40CM DE LARGO POR 8CM DE ANCHO	0.00	0	f	productos/fibrofacil/catalogo-mayorista-yoquet-disenos-35-1.webp	2025-10-18 20:39:18.184474-03	2025-10-18 20:39:18.184474-03	3
377	Catalogo mayorista Yoquet Diseños.  35-2	PORTAVINOS,SE PUEDEN PERSONALIZAR. MEDIDAS; 33CM DE LARGO POR 10CM DE ANCHO PORTAVINOS CON DISEÑO, MEDIDAS; 40CM DE LARGO POR 8CM DE ANCHO	0.00	0	f	productos/fibrofacil/catalogo-mayorista-yoquet-disenos-35-2.webp	2025-10-18 20:39:18.325083-03	2025-10-18 20:39:18.325083-03	3
378	Catalogo mayorista Yoquet Diseños.  35-3	PORTAVINOS,SE PUEDEN PERSONALIZAR. MEDIDAS; 33CM DE LARGO POR 10CM DE ANCHO PORTAVINOS CON DISEÑO, MEDIDAS; 40CM DE LARGO POR 8CM DE ANCHO	0.00	0	f	productos/fibrofacil/catalogo-mayorista-yoquet-disenos-35-3.webp	2025-10-18 20:39:18.589046-03	2025-10-18 20:39:18.589046-03	3
379	Catalogo mayorista Yoquet Diseños.  35-4	PORTAVINOS,SE PUEDEN PERSONALIZAR. MEDIDAS; 33CM DE LARGO POR 10CM DE ANCHO PORTAVINOS CON DISEÑO, MEDIDAS; 40CM DE LARGO POR 8CM DE ANCHO	0.00	0	f	productos/fibrofacil/catalogo-mayorista-yoquet-disenos-35-4.webp	2025-10-18 20:39:18.858433-03	2025-10-18 20:39:18.858433-03	3
380	Catalogo mayorista Yoquet Diseños.  35-5	PORTAVINOS,SE PUEDEN PERSONALIZAR. MEDIDAS; 33CM DE LARGO POR 10CM DE ANCHO PORTAVINOS CON DISEÑO, MEDIDAS; 40CM DE LARGO POR 8CM DE ANCHO	0.00	0	f	productos/fibrofacil/catalogo-mayorista-yoquet-disenos-35-5.webp	2025-10-18 20:39:19.000468-03	2025-10-18 20:39:19.000468-03	3
381	Catalogo mayorista Yoquet Diseños.  36-1	MUEBLES PARA CASA DE MUÑECAS, SE VENDEN TODOS JUNTOS.	0.00	0	f	productos/souvenir/catalogo-mayorista-yoquet-disenos-36-1.webp	2025-10-18 20:39:19.240634-03	2025-10-18 20:39:19.240634-03	5
382	Catalogo mayorista Yoquet Diseños.  36-2	MUEBLES PARA CASA DE MUÑECAS, SE VENDEN TODOS JUNTOS.	0.00	0	f	productos/souvenir/catalogo-mayorista-yoquet-disenos-36-2.webp	2025-10-18 20:39:19.459839-03	2025-10-18 20:39:19.459839-03	5
383	Catalogo mayorista Yoquet Diseños.  36-3	MUEBLES PARA CASA DE MUÑECAS, SE VENDEN TODOS JUNTOS.	0.00	0	f	productos/souvenir/catalogo-mayorista-yoquet-disenos-36-3.webp	2025-10-18 20:39:19.578602-03	2025-10-18 20:39:19.578602-03	5
385	Catalogo mayorista Yoquet Diseños.  36-5	MUEBLES PARA CASA DE MUÑECAS, SE VENDEN TODOS JUNTOS.	0.00	0	f	productos/souvenir/catalogo-mayorista-yoquet-disenos-36-5.webp	2025-10-18 20:39:20.319625-03	2025-10-18 20:39:20.319625-03	5
386	Catalogo mayorista Yoquet Diseños.  36-6	MUEBLES PARA CASA DE MUÑECAS, SE VENDEN TODOS JUNTOS.	0.00	0	f	productos/souvenir/catalogo-mayorista-yoquet-disenos-36-6.webp	2025-10-18 20:39:20.494893-03	2025-10-18 20:39:20.494893-03	5
387	Catalogo mayorista Yoquet Diseños.  37-1	NAVIDAD	0.00	0	f	productos/navidad/catalogo-mayorista-yoquet-disenos-37-1.webp	2025-10-18 20:39:20.681097-03	2025-10-18 20:39:20.681097-03	2
388	Catalogo mayorista Yoquet Diseños.  38-1	ARBOL DE NAVIDAD, 57 DE LARGO POR 37 DE ANCHO. ARBOL DE NAVIDAD, 57 DE LARGO POR 27 DE ANCHO.	0.00	0	f	productos/navidad/catalogo-mayorista-yoquet-disenos-38-1.webp	2025-10-18 20:39:20.859649-03	2025-10-18 20:39:20.859649-03	2
389	Catalogo mayorista Yoquet Diseños.  38-2	ARBOL DE NAVIDAD, 57 DE LARGO POR 37 DE ANCHO. ARBOL DE NAVIDAD, 57 DE LARGO POR 27 DE ANCHO.	0.00	0	f	productos/navidad/catalogo-mayorista-yoquet-disenos-38-2.webp	2025-10-18 20:39:21.047583-03	2025-10-18 20:39:21.047583-03	2
390	Catalogo mayorista Yoquet Diseños.  38-3	ARBOL DE NAVIDAD, 57 DE LARGO POR 37 DE ANCHO. ARBOL DE NAVIDAD, 57 DE LARGO POR 27 DE ANCHO.	0.00	0	f	productos/navidad/catalogo-mayorista-yoquet-disenos-38-3.webp	2025-10-18 20:39:21.208096-03	2025-10-18 20:39:21.208096-03	2
391	Catalogo mayorista Yoquet Diseños.  39-1	APLIQUES,ARBóL DE NAVIDAD DE GOMA EVA BRILLOSA PACK POR 6 UNIDADES ARBóL DE NAVIDAD DE GOMA EVA BRILLOSA, 40CM DE LARGO COPOS DE NIEVE DE GOMA EVA BRILLOSA, PAC	0.00	0	f	productos/navidad/catalogo-mayorista-yoquet-disenos-39-1.webp	2025-10-18 20:39:21.415837-03	2025-10-18 20:39:21.415837-03	2
392	Catalogo mayorista Yoquet Diseños.  39-2	APLIQUES,ARBóL DE NAVIDAD DE GOMA EVA BRILLOSA PACK POR 6 UNIDADES ARBóL DE NAVIDAD DE GOMA EVA BRILLOSA, 40CM DE LARGO COPOS DE NIEVE DE GOMA EVA BRILLOSA, PAC	0.00	0	f	productos/navidad/catalogo-mayorista-yoquet-disenos-39-2.webp	2025-10-18 20:39:21.670167-03	2025-10-18 20:39:21.670167-03	2
393	Catalogo mayorista Yoquet Diseños.  39-3	APLIQUES,ARBóL DE NAVIDAD DE GOMA EVA BRILLOSA PACK POR 6 UNIDADES ARBóL DE NAVIDAD DE GOMA EVA BRILLOSA, 40CM DE LARGO COPOS DE NIEVE DE GOMA EVA BRILLOSA, PAC	0.00	0	f	productos/navidad/catalogo-mayorista-yoquet-disenos-39-3.webp	2025-10-18 20:39:21.947432-03	2025-10-18 20:39:21.947432-03	2
394	Catalogo mayorista Yoquet Diseños.  39-4	APLIQUES,ARBóL DE NAVIDAD DE GOMA EVA BRILLOSA PACK POR 6 UNIDADES ARBóL DE NAVIDAD DE GOMA EVA BRILLOSA, 40CM DE LARGO COPOS DE NIEVE DE GOMA EVA BRILLOSA, PAC	0.00	0	f	productos/navidad/catalogo-mayorista-yoquet-disenos-39-4.webp	2025-10-18 20:39:22.143991-03	2025-10-18 20:39:22.143991-03	2
395	Catalogo mayorista Yoquet Diseños.  40-1	CUADRO NAVIDEÑO PARA PUERTA DE FIBROFACIL. CUADRO PARA PUERTA, PALABRA “FELIZ NAVIDAD” DE FIBROFACIL ESFERAS DE FIBROFACIL CON FRASES, MEDIDAS 10CM DE ANCHO POR	0.00	0	f	productos/navidad/catalogo-mayorista-yoquet-disenos-40-1.webp	2025-10-18 20:39:22.326002-03	2025-10-18 20:39:22.326002-03	2
396	Catalogo mayorista Yoquet Diseños.  40-2	CUADRO NAVIDEÑO PARA PUERTA DE FIBROFACIL. CUADRO PARA PUERTA, PALABRA “FELIZ NAVIDAD” DE FIBROFACIL ESFERAS DE FIBROFACIL CON FRASES, MEDIDAS 10CM DE ANCHO POR	0.00	0	f	productos/navidad/catalogo-mayorista-yoquet-disenos-40-2.webp	2025-10-18 20:39:22.536945-03	2025-10-18 20:39:22.536945-03	2
397	Catalogo mayorista Yoquet Diseños.  40-3	CUADRO NAVIDEÑO PARA PUERTA DE FIBROFACIL. CUADRO PARA PUERTA, PALABRA “FELIZ NAVIDAD” DE FIBROFACIL ESFERAS DE FIBROFACIL CON FRASES, MEDIDAS 10CM DE ANCHO POR	0.00	0	f	productos/navidad/catalogo-mayorista-yoquet-disenos-40-3.webp	2025-10-18 20:39:22.72355-03	2025-10-18 20:39:22.72355-03	2
398	Catalogo mayorista Yoquet Diseños.  40-4	CUADRO NAVIDEÑO PARA PUERTA DE FIBROFACIL. CUADRO PARA PUERTA, PALABRA “FELIZ NAVIDAD” DE FIBROFACIL ESFERAS DE FIBROFACIL CON FRASES, MEDIDAS 10CM DE ANCHO POR	0.00	0	f	productos/navidad/catalogo-mayorista-yoquet-disenos-40-4.webp	2025-10-18 20:39:22.899583-03	2025-10-18 20:39:22.899583-03	2
399	Catalogo mayorista Yoquet Diseños.  41-1	PAPA NOEL DE FIROFACIL GRANDE; MEDIDAS 51cm de largo por 33cm ancho 100 LUCES LEd MULTICOLOR DE ARROZ CON ENCHUFE PAPA NOEL DE FIROFACIL CHICO; MEDIDAS 31cm de 	0.00	0	f	productos/navidad/catalogo-mayorista-yoquet-disenos-41-1.webp	2025-10-18 20:39:23.190482-03	2025-10-18 20:39:23.190482-03	2
400	Catalogo mayorista Yoquet Diseños.  41-2	PAPA NOEL DE FIROFACIL GRANDE; MEDIDAS 51cm de largo por 33cm ancho 100 LUCES LEd MULTICOLOR DE ARROZ CON ENCHUFE PAPA NOEL DE FIROFACIL CHICO; MEDIDAS 31cm de 	0.00	0	f	productos/navidad/catalogo-mayorista-yoquet-disenos-41-2.webp	2025-10-18 20:39:23.244905-03	2025-10-18 20:39:23.244905-03	2
401	Catalogo mayorista Yoquet Diseños.  41-3	PAPA NOEL DE FIROFACIL GRANDE; MEDIDAS 51cm de largo por 33cm ancho 100 LUCES LEd MULTICOLOR DE ARROZ CON ENCHUFE PAPA NOEL DE FIROFACIL CHICO; MEDIDAS 31cm de 	0.00	0	f	productos/navidad/catalogo-mayorista-yoquet-disenos-41-3.webp	2025-10-18 20:39:23.561796-03	2025-10-18 20:39:23.561796-03	2
402	Catalogo mayorista Yoquet Diseños.  41-4	PAPA NOEL DE FIROFACIL GRANDE; MEDIDAS 51cm de largo por 33cm ancho 100 LUCES LEd MULTICOLOR DE ARROZ CON ENCHUFE PAPA NOEL DE FIROFACIL CHICO; MEDIDAS 31cm de 	0.00	0	f	productos/navidad/catalogo-mayorista-yoquet-disenos-41-4.webp	2025-10-18 20:39:23.878232-03	2025-10-18 20:39:23.878232-03	2
403	Catalogo mayorista Yoquet Diseños.  41-5	PAPA NOEL DE FIROFACIL GRANDE; MEDIDAS 51cm de largo por 33cm ancho 100 LUCES LEd MULTICOLOR DE ARROZ CON ENCHUFE PAPA NOEL DE FIROFACIL CHICO; MEDIDAS 31cm de 	0.00	0	f	productos/navidad/catalogo-mayorista-yoquet-disenos-41-5.webp	2025-10-18 20:39:24.082605-03	2025-10-18 20:39:24.082605-03	2
404	Catalogo mayorista Yoquet Diseños.  42-1	VINCHAS NAVIDEÑAS,PACK POR 6 UNIADES	0.00	0	f	productos/souvenir/catalogo-mayorista-yoquet-disenos-42-1.webp	2025-10-18 20:39:24.419253-03	2025-10-18 20:39:24.419253-03	5
405	Catalogo mayorista Yoquet Diseños.  42-2	VINCHAS NAVIDEÑAS,PACK POR 6 UNIADES	0.00	0	f	productos/souvenir/catalogo-mayorista-yoquet-disenos-42-2.webp	2025-10-18 20:39:24.611157-03	2025-10-18 20:39:24.611157-03	5
406	Catalogo mayorista Yoquet Diseños.  43-1	YOQUET DISEÑOS @YOQUETDESINGS 011-7638-8769	0.00	0	f	productos/souvenir/catalogo-mayorista-yoquet-disenos-43-1.webp	2025-10-18 20:39:24.82577-03	2025-10-18 20:39:24.82577-03	5
407	Catalogo mayorista Yoquet Diseños.  43-2	YOQUET DISEÑOS @YOQUETDESINGS 011-7638-8769	0.00	0	f	productos/souvenir/catalogo-mayorista-yoquet-disenos-43-2.webp	2025-10-18 20:39:24.899647-03	2025-10-18 20:39:24.899647-03	5
408	Catalogo mayorista Yoquet Diseños.  43-3	YOQUET DISEÑOS @YOQUETDESINGS 011-7638-8769	0.00	0	f	productos/souvenir/catalogo-mayorista-yoquet-disenos-43-3.webp	2025-10-18 20:39:25.033582-03	2025-10-18 20:39:25.033582-03	5
\.


--
-- Name: auth_group_id_seq; Type: SEQUENCE SET; Schema: public; Owner: postgres
--

SELECT pg_catalog.setval('public.auth_group_id_seq', 1, false);


--
-- Name: auth_group_permissions_id_seq; Type: SEQUENCE SET; Schema: public; Owner: postgres
--

SELECT pg_catalog.setval('public.auth_group_permissions_id_seq', 1, false);


--
-- Name: auth_permission_id_seq; Type: SEQUENCE SET; Schema: public; Owner: postgres
--

SELECT pg_catalog.setval('public.auth_permission_id_seq', 32, true);


--
-- Name: auth_user_groups_id_seq; Type: SEQUENCE SET; Schema: public; Owner: postgres
--

SELECT pg_catalog.setval('public.auth_user_groups_id_seq', 1, false);


--
-- Name: auth_user_id_seq; Type: SEQUENCE SET; Schema: public; Owner: postgres
--

SELECT pg_catalog.setval('public.auth_user_id_seq', 2, true);


--
-- Name: auth_user_user_permissions_id_seq; Type: SEQUENCE SET; Schema: public; Owner: postgres
--

SELECT pg_catalog.setval('public.auth_user_user_permissions_id_seq', 1, false);


--
-- Name: django_admin_log_id_seq; Type: SEQUENCE SET; Schema: public; Owner: postgres
--

SELECT pg_catalog.setval('public.django_admin_log_id_seq', 2, true);


--
-- Name: django_content_type_id_seq; Type: SEQUENCE SET; Schema: public; Owner: postgres
--

SELECT pg_catalog.setval('public.django_content_type_id_seq', 8, true);


--
-- Name: django_migrations_id_seq; Type: SEQUENCE SET; Schema: public; Owner: postgres
--

SELECT pg_catalog.setval('public.django_migrations_id_seq', 19, true);


--
-- Name: productos_categoria_id_seq; Type: SEQUENCE SET; Schema: public; Owner: postgres
--

SELECT pg_catalog.setval('public.productos_categoria_id_seq', 5, true);


--
-- Name: productos_producto_id_seq; Type: SEQUENCE SET; Schema: public; Owner: postgres
--

SELECT pg_catalog.setval('public.productos_producto_id_seq', 408, true);


--
-- Name: auth_group auth_group_name_key; Type: CONSTRAINT; Schema: public; Owner: postgres
--

ALTER TABLE ONLY public.auth_group
    ADD CONSTRAINT auth_group_name_key UNIQUE (name);


--
-- Name: auth_group_permissions auth_group_permissions_group_id_permission_id_0cd325b0_uniq; Type: CONSTRAINT; Schema: public; Owner: postgres
--

ALTER TABLE ONLY public.auth_group_permissions
    ADD CONSTRAINT auth_group_permissions_group_id_permission_id_0cd325b0_uniq UNIQUE (group_id, permission_id);


--
-- Name: auth_group_permissions auth_group_permissions_pkey; Type: CONSTRAINT; Schema: public; Owner: postgres
--

ALTER TABLE ONLY public.auth_group_permissions
    ADD CONSTRAINT auth_group_permissions_pkey PRIMARY KEY (id);


--
-- Name: auth_group auth_group_pkey; Type: CONSTRAINT; Schema: public; Owner: postgres
--

ALTER TABLE ONLY public.auth_group
    ADD CONSTRAINT auth_group_pkey PRIMARY KEY (id);


--
-- Name: auth_permission auth_permission_content_type_id_codename_01ab375a_uniq; Type: CONSTRAINT; Schema: public; Owner: postgres
--

ALTER TABLE ONLY public.auth_permission
    ADD CONSTRAINT auth_permission_content_type_id_codename_01ab375a_uniq UNIQUE (content_type_id, codename);


--
-- Name: auth_permission auth_permission_pkey; Type: CONSTRAINT; Schema: public; Owner: postgres
--

ALTER TABLE ONLY public.auth_permission
    ADD CONSTRAINT auth_permission_pkey PRIMARY KEY (id);


--
-- Name: auth_user_groups auth_user_groups_pkey; Type: CONSTRAINT; Schema: public; Owner: postgres
--

ALTER TABLE ONLY public.auth_user_groups
    ADD CONSTRAINT auth_user_groups_pkey PRIMARY KEY (id);


--
-- Name: auth_user_groups auth_user_groups_user_id_group_id_94350c0c_uniq; Type: CONSTRAINT; Schema: public; Owner: postgres
--

ALTER TABLE ONLY public.auth_user_groups
    ADD CONSTRAINT auth_user_groups_user_id_group_id_94350c0c_uniq UNIQUE (user_id, group_id);


--
-- Name: auth_user auth_user_pkey; Type: CONSTRAINT; Schema: public; Owner: postgres
--

ALTER TABLE ONLY public.auth_user
    ADD CONSTRAINT auth_user_pkey PRIMARY KEY (id);


--
-- Name: auth_user_user_permissions auth_user_user_permissions_pkey; Type: CONSTRAINT; Schema: public; Owner: postgres
--

ALTER TABLE ONLY public.auth_user_user_permissions
    ADD CONSTRAINT auth_user_user_permissions_pkey PRIMARY KEY (id);


--
-- Name: auth_user_user_permissions auth_user_user_permissions_user_id_permission_id_14a6b632_uniq; Type: CONSTRAINT; Schema: public; Owner: postgres
--

ALTER TABLE ONLY public.auth_user_user_permissions
    ADD CONSTRAINT auth_user_user_permissions_user_id_permission_id_14a6b632_uniq UNIQUE (user_id, permission_id);


--
-- Name: auth_user auth_user_username_key; Type: CONSTRAINT; Schema: public; Owner: postgres
--

ALTER TABLE ONLY public.auth_user
    ADD CONSTRAINT auth_user_username_key UNIQUE (username);


--
-- Name: django_admin_log django_admin_log_pkey; Type: CONSTRAINT; Schema: public; Owner: postgres
--

ALTER TABLE ONLY public.django_admin_log
    ADD CONSTRAINT django_admin_log_pkey PRIMARY KEY (id);


--
-- Name: django_content_type django_content_type_app_label_model_76bd3d3b_uniq; Type: CONSTRAINT; Schema: public; Owner: postgres
--

ALTER TABLE ONLY public.django_content_type
    ADD CONSTRAINT django_content_type_app_label_model_76bd3d3b_uniq UNIQUE (app_label, model);


--
-- Name: django_content_type django_content_type_pkey; Type: CONSTRAINT; Schema: public; Owner: postgres
--

ALTER TABLE ONLY public.django_content_type
    ADD CONSTRAINT django_content_type_pkey PRIMARY KEY (id);


--
-- Name: django_migrations django_migrations_pkey; Type: CONSTRAINT; Schema: public; Owner: postgres
--

ALTER TABLE ONLY public.django_migrations
    ADD CONSTRAINT django_migrations_pkey PRIMARY KEY (id);


--
-- Name: django_session django_session_pkey; Type: CONSTRAINT; Schema: public; Owner: postgres
--

ALTER TABLE ONLY public.django_session
    ADD CONSTRAINT django_session_pkey PRIMARY KEY (session_key);


--
-- Name: productos_categoria productos_categoria_nombre_key; Type: CONSTRAINT; Schema: public; Owner: postgres
--

ALTER TABLE ONLY public.productos_categoria
    ADD CONSTRAINT productos_categoria_nombre_key UNIQUE (nombre);


--
-- Name: productos_categoria productos_categoria_pkey; Type: CONSTRAINT; Schema: public; Owner: postgres
--

ALTER TABLE ONLY public.productos_categoria
    ADD CONSTRAINT productos_categoria_pkey PRIMARY KEY (id);


--
-- Name: productos_producto productos_producto_pkey; Type: CONSTRAINT; Schema: public; Owner: postgres
--

ALTER TABLE ONLY public.productos_producto
    ADD CONSTRAINT productos_producto_pkey PRIMARY KEY (id);


--
-- Name: auth_group_name_a6ea08ec_like; Type: INDEX; Schema: public; Owner: postgres
--

CREATE INDEX auth_group_name_a6ea08ec_like ON public.auth_group USING btree (name varchar_pattern_ops);


--
-- Name: auth_group_permissions_group_id_b120cbf9; Type: INDEX; Schema: public; Owner: postgres
--

CREATE INDEX auth_group_permissions_group_id_b120cbf9 ON public.auth_group_permissions USING btree (group_id);


--
-- Name: auth_group_permissions_permission_id_84c5c92e; Type: INDEX; Schema: public; Owner: postgres
--

CREATE INDEX auth_group_permissions_permission_id_84c5c92e ON public.auth_group_permissions USING btree (permission_id);


--
-- Name: auth_permission_content_type_id_2f476e4b; Type: INDEX; Schema: public; Owner: postgres
--

CREATE INDEX auth_permission_content_type_id_2f476e4b ON public.auth_permission USING btree (content_type_id);


--
-- Name: auth_user_groups_group_id_97559544; Type: INDEX; Schema: public; Owner: postgres
--

CREATE INDEX auth_user_groups_group_id_97559544 ON public.auth_user_groups USING btree (group_id);


--
-- Name: auth_user_groups_user_id_6a12ed8b; Type: INDEX; Schema: public; Owner: postgres
--

CREATE INDEX auth_user_groups_user_id_6a12ed8b ON public.auth_user_groups USING btree (user_id);


--
-- Name: auth_user_user_permissions_permission_id_1fbb5f2c; Type: INDEX; Schema: public; Owner: postgres
--

CREATE INDEX auth_user_user_permissions_permission_id_1fbb5f2c ON public.auth_user_user_permissions USING btree (permission_id);


--
-- Name: auth_user_user_permissions_user_id_a95ead1b; Type: INDEX; Schema: public; Owner: postgres
--

CREATE INDEX auth_user_user_permissions_user_id_a95ead1b ON public.auth_user_user_permissions USING btree (user_id);


--
-- Name: auth_user_username_6821ab7c_like; Type: INDEX; Schema: public; Owner: postgres
--

CREATE INDEX auth_user_username_6821ab7c_like ON public.auth_user USING btree (username varchar_pattern_ops);


--
-- Name: django_admin_log_content_type_id_c4bce8eb; Type: INDEX; Schema: public; Owner: postgres
--

CREATE INDEX django_admin_log_content_type_id_c4bce8eb ON public.django_admin_log USING btree (content_type_id);


--
-- Name: django_admin_log_user_id_c564eba6; Type: INDEX; Schema: public; Owner: postgres
--

CREATE INDEX django_admin_log_user_id_c564eba6 ON public.django_admin_log USING btree (user_id);


--
-- Name: django_session_expire_date_a5c62663; Type: INDEX; Schema: public; Owner: postgres
--

CREATE INDEX django_session_expire_date_a5c62663 ON public.django_session USING btree (expire_date);


--
-- Name: django_session_session_key_c0390e0f_like; Type: INDEX; Schema: public; Owner: postgres
--

CREATE INDEX django_session_session_key_c0390e0f_like ON public.django_session USING btree (session_key varchar_pattern_ops);


--
-- Name: productos_categoria_nombre_64d1661c_like; Type: INDEX; Schema: public; Owner: postgres
--

CREATE INDEX productos_categoria_nombre_64d1661c_like ON public.productos_categoria USING btree (nombre varchar_pattern_ops);


--
-- Name: productos_producto_categoria_id_1fef506a; Type: INDEX; Schema: public; Owner: postgres
--

CREATE INDEX productos_producto_categoria_id_1fef506a ON public.productos_producto USING btree (categoria_id);


--
-- Name: auth_group_permissions auth_group_permissio_permission_id_84c5c92e_fk_auth_perm; Type: FK CONSTRAINT; Schema: public; Owner: postgres
--

ALTER TABLE ONLY public.auth_group_permissions
    ADD CONSTRAINT auth_group_permissio_permission_id_84c5c92e_fk_auth_perm FOREIGN KEY (permission_id) REFERENCES public.auth_permission(id) DEFERRABLE INITIALLY DEFERRED;


--
-- Name: auth_group_permissions auth_group_permissions_group_id_b120cbf9_fk_auth_group_id; Type: FK CONSTRAINT; Schema: public; Owner: postgres
--

ALTER TABLE ONLY public.auth_group_permissions
    ADD CONSTRAINT auth_group_permissions_group_id_b120cbf9_fk_auth_group_id FOREIGN KEY (group_id) REFERENCES public.auth_group(id) DEFERRABLE INITIALLY DEFERRED;


--
-- Name: auth_permission auth_permission_content_type_id_2f476e4b_fk_django_co; Type: FK CONSTRAINT; Schema: public; Owner: postgres
--

ALTER TABLE ONLY public.auth_permission
    ADD CONSTRAINT auth_permission_content_type_id_2f476e4b_fk_django_co FOREIGN KEY (content_type_id) REFERENCES public.django_content_type(id) DEFERRABLE INITIALLY DEFERRED;


--
-- Name: auth_user_groups auth_user_groups_group_id_97559544_fk_auth_group_id; Type: FK CONSTRAINT; Schema: public; Owner: postgres
--

ALTER TABLE ONLY public.auth_user_groups
    ADD CONSTRAINT auth_user_groups_group_id_97559544_fk_auth_group_id FOREIGN KEY (group_id) REFERENCES public.auth_group(id) DEFERRABLE INITIALLY DEFERRED;


--
-- Name: auth_user_groups auth_user_groups_user_id_6a12ed8b_fk_auth_user_id; Type: FK CONSTRAINT; Schema: public; Owner: postgres
--

ALTER TABLE ONLY public.auth_user_groups
    ADD CONSTRAINT auth_user_groups_user_id_6a12ed8b_fk_auth_user_id FOREIGN KEY (user_id) REFERENCES public.auth_user(id) DEFERRABLE INITIALLY DEFERRED;


--
-- Name: auth_user_user_permissions auth_user_user_permi_permission_id_1fbb5f2c_fk_auth_perm; Type: FK CONSTRAINT; Schema: public; Owner: postgres
--

ALTER TABLE ONLY public.auth_user_user_permissions
    ADD CONSTRAINT auth_user_user_permi_permission_id_1fbb5f2c_fk_auth_perm FOREIGN KEY (permission_id) REFERENCES public.auth_permission(id) DEFERRABLE INITIALLY DEFERRED;


--
-- Name: auth_user_user_permissions auth_user_user_permissions_user_id_a95ead1b_fk_auth_user_id; Type: FK CONSTRAINT; Schema: public; Owner: postgres
--

ALTER TABLE ONLY public.auth_user_user_permissions
    ADD CONSTRAINT auth_user_user_permissions_user_id_a95ead1b_fk_auth_user_id FOREIGN KEY (user_id) REFERENCES public.auth_user(id) DEFERRABLE INITIALLY DEFERRED;


--
-- Name: django_admin_log django_admin_log_content_type_id_c4bce8eb_fk_django_co; Type: FK CONSTRAINT; Schema: public; Owner: postgres
--

ALTER TABLE ONLY public.django_admin_log
    ADD CONSTRAINT django_admin_log_content_type_id_c4bce8eb_fk_django_co FOREIGN KEY (content_type_id) REFERENCES public.django_content_type(id) DEFERRABLE INITIALLY DEFERRED;


--
-- Name: django_admin_log django_admin_log_user_id_c564eba6_fk_auth_user_id; Type: FK CONSTRAINT; Schema: public; Owner: postgres
--

ALTER TABLE ONLY public.django_admin_log
    ADD CONSTRAINT django_admin_log_user_id_c564eba6_fk_auth_user_id FOREIGN KEY (user_id) REFERENCES public.auth_user(id) DEFERRABLE INITIALLY DEFERRED;


--
-- Name: productos_producto productos_producto_categoria_id_1fef506a_fk_productos; Type: FK CONSTRAINT; Schema: public; Owner: postgres
--

ALTER TABLE ONLY public.productos_producto
    ADD CONSTRAINT productos_producto_categoria_id_1fef506a_fk_productos FOREIGN KEY (categoria_id) REFERENCES public.productos_categoria(id) DEFERRABLE INITIALLY DEFERRED;


--
-- PostgreSQL database dump complete
--

\unrestrict sYnfMzmei6oxOK9WPZnx7Dv0IC69yXVmM1qIoGhhP2NljrQRVuq30KqTmre5IGz

